Aivntry01,21,01,36585,2500,1,2003-07-09 10:27:40.343,2003-07-09 10:27:40.343,-500,历史调拨出库,2000,2000,2089,2089,1N5398,1N5398,FORTUNE,DO-15,NULL
IN00000000,21,01,36726,2000,1,2003-05-25 00:00:00.000,2003-05-25 14:12:00.000,-588,历史调拨出库,1412,1412,2134,2134,1N5395,1N5395,CH,DO-15,
IN00014462,21,01,35791,4500,1,2004-10-04 13:21:56.000,2004-10-04 16:06:02.140,-2310,历史调拨出库,2190,2190,1636,1636,4004 M4,1N4004 (M4),FORTUNE,DO-213,NULL
IN00019072,23,01,39790,70000,1,2005-03-18 09:57:00.123,2005-03-18 09:57:00.123,-68500,历史调拨入库,71500,1500,1471,1471,30V 1/2W,FKW30V,FKW,DO-35,
IN00019077,23,01,39200,10000,1,2005-03-18 10:18:16.640,2005-03-18 10:18:16.640,-8300,历史调拨入库,31000,1700,1471,1471,18V 1/2W,FKW18V,FKW,DO-35,
IN00019547,23,01,39903,10000,1,2005-03-29 17:24:21.390,2005-03-29 17:24:21.390,-5000,历史调拨入库,26000,5000,1460,1460,1N4728 3.3V,TC1N4728A 3.3V,TCS,DO-41,
IN00021329,23,01,39885,10000,1,2005-05-18 08:45:30.110,2005-05-18 08:45:30.110,-6500,历史调拨入库,15500,3500,1410,1410,1N4748 22V,TC1N4748A 22V,TCS,DO-41,
IN00022999,23,01,36134,16000,1,2005-06-28 09:17:46.543,2005-06-28 09:17:46.543,-12891,历史调拨入库,18384,3109,1369,1369,1N4731 4.3V,1N4731A 4.3V,TCON,DO-41,NULL
IN00023152,23,01,39883,10000,1,2005-06-30 13:37:01.840,2005-06-30 13:37:01.840,-2000,历史调拨入库,9000,8000,1367,1367,1N4745 16V ,TC1N4745A 16V ,TCS,DO-41,
IN00025950,23,01,39056,14000,1,2005-09-06 17:09:07.327,2005-09-06 17:09:07.327,-10100,历史调拨入库,9900,3900,1299,1299,1N4755 43V,1N4755A 43V,TCON,DO-41,
IN00026380,23,01,39887,10000,1,2005-09-19 09:41:57.937,2005-09-19 09:41:57.937,-2250,历史调拨入库,10000,7750,1286,1286,1N4750 27V,TC1N4750A 27V,TCS,DO-41,
IN00026381,23,01,39893,10000,1,2005-09-19 09:44:58.107,2005-09-19 09:44:58.107,-5000,历史调拨入库,8000,5000,1286,1286,1N4741 11V,TC1N4741A 11V,TCS,DO-41,
IN00026385,23,01,36133,42000,1,2005-09-19 10:01:34.530,2005-09-19 10:01:34.530,-31460,历史调拨入库,14340,10540,1286,1286,1N4730 3.9V,1N4730A 3.9V,TCON,DO-41,NULL
IN00026385,23,01,36134,14000,1,2005-09-19 10:01:34.530,2005-09-19 10:01:34.530,3109,历史调拨入库,18384,14000,1286,1286,1N4731 4.3V,1N4731A 4.3V,TCON,DO-41,NULL
IN00030930,21,01,39887,250,1,2006-01-12 12:56:03.000,2006-01-12 13:47:15.153,7750,历史调拨出库,10000,250,1171,1171,1N4750 27V,TC1N4750A 27V,TCS,DO-41,
IN00031478,21,01,39882,1000,1,2006-02-10 15:26:13.000,2006-02-11 09:34:09.873,6413,历史调拨出库,7913,1000,1142,1141,1N4744 15V,TC1N4744A 15V,TCS,DO-41,
IN00032939,21,01,36125,2500,1,2006-03-15 12:22:25.000,2006-03-15 13:19:17.060,-500,历史调拨出库,36000,2000,1109,1109,18V 1/2W,BZX55C 18V ,SEMTECH,DO-35,NULL
IN00033056,21,01,40296,40000,1,2006-03-17 15:32:28.000,2006-03-17 15:33:14.497,-13700,历史调拨出库,29800,26300,1107,1107,HER104,HER104 (编带),FORTUNE,DO-41,
IN00036373,21,01,39883,1000,1,2006-06-08 10:36:36.000,2006-06-08 10:39:02.560,8000,历史调拨出库,9000,1000,1024,1024,1N4745 16V ,TC1N4745A 16V ,TCS,DO-41,
IN00036374,21,01,39056,6000,1,2006-06-08 10:37:54.000,2006-06-08 10:40:49.920,3900,历史调拨出库,9900,6000,1024,1024,1N4755 43V,1N4755A 43V,TCON,DO-41,
IN00038448,23,01,39200,20000,1,2006-08-07 13:16:35.373,2006-08-07 13:16:35.373,1700,历史调拨入库,31000,20000,964,964,18V 1/2W,FKW18V,FKW,DO-35,
IN00038505,21,01,36588,3536,1,2006-08-08 13:51:45.000,2006-08-08 13:57:08.233,-3368,历史调拨出库,168,168,963,963,1N5401,1N5401,FORTUNE,DO-27,NULL
IN00040637,21,01,39882,250,1,2006-09-30 11:40:13.000,2006-09-30 12:19:45.233,7413,历史调拨出库,7913,250,910,910,1N4744 15V,TC1N4744A 15V,TCS,DO-41,
IN00041827,21,01,39886,11500,1,2006-10-31 16:30:24.000,2006-10-31 16:40:21.043,-2242,历史调拨出库,20758,9258,879,879,1N4749 24V,TC1N4749A 24V,TCS,DO-41,
IN00042886,21,01,39886,2000,1,2006-11-22 16:52:17.000,2006-11-23 16:56:07.123,9258,历史调拨出库,20758,2000,857,856,1N4749 24V,TC1N4749A 24V,TCS,DO-41,
IN00043820,21,01,39886,1000,1,2006-12-11 13:47:55.000,2006-12-13 09:36:53.467,11258,历史调拨出库,20758,1000,838,836,1N4749 24V,TC1N4749A 24V,TCS,DO-41,
IN00044210,23,01,36122,20000,1,2006-12-18 17:19:59.607,2006-12-18 17:19:59.607,6500,历史调拨入库,46500,20000,831,831,13V 1/2W,BZX55C 13V ,SEMTECH,DO-35,NULL
IN00045094,21,01,39886,2000,1,2007-01-09 15:33:13.000,2007-01-09 17:43:56.793,12258,调拨入库 ,20758,2000,809,809,1N4749 24V,TC1N4749A 24V,TCS,DO-41,
IN00045564,21,01,39886,2000,1,2007-01-19 10:07:50.000,2007-01-22 13:15:53.687,14258,调拨入库 ,20758,2000,799,796,1N4749 24V,TC1N4749A 24V,TCS,DO-41,
IN00045719,21,01,39903,1000,1,2007-01-23 13:57:48.000,2007-01-23 15:56:57.590,25000,调拨入库 ,26000,1000,795,795,1N4728 3.3V,TC1N4728A 3.3V,TCS,DO-41,
IN00046174,21,01,39895,5000,1,2007-02-01 15:31:22.000,2007-02-01 16:56:01.140,5000,调拨入库 ,20000,5000,786,786,1N4743 13V,TC1N4743A 13V,TCS,DO-41,
IN00046466,21,01,39886,2000,1,2007-02-08 10:03:21.000,2007-02-08 12:59:52.687,16258,调拨入库 ,20758,2000,779,779,1N4749 24V,TC1N4749A 24V,TCS,DO-41,
IN00047117,21,01,39882,250,1,2007-03-07 16:39:11.000,2007-03-07 17:16:26.750,7663,调拨入库 ,7913,250,752,752,1N4744 15V,TC1N4744A 15V,TCS,DO-41,
IN00047117,21,01,39884,250,1,2007-03-07 16:39:11.000,2007-03-07 17:16:26.750,9356,调拨入库 ,9606,250,752,752,1N4746 18V,TC1N4746A 18V,TCS,DO-41,
IN00047172,21,01,39886,2500,1,2007-03-08 15:55:14.000,2007-03-08 17:19:12.607,18258,调拨入库 ,20758,2500,751,751,1N4749 24V,TC1N4749A 24V,TCS,DO-41,
IN00047593,21,01,36805,8000,1,2007-03-15 15:24:47.000,2007-03-16 08:43:18.733,-2500,调拨入库 ,72000,5500,744,743,3V3 1/2W,BZX55C 3V3 ,SEMTECH,DO-35,
IN00049096,21,01,39893,2000,1,2007-04-13 11:31:43.000,2007-04-13 13:40:29.170,5000,调拨入库 ,8000,2000,715,715,1N4741 11V,TC1N4741A 11V,TCS,DO-41,
IN00050439,23,01,38982,50000,1,2007-05-11 16:00:16.153,2007-05-11 16:00:16.153,-35000,调拨入库 ,24000,15000,687,687,24V 1/2W,FKW24V,FKW,DO-35,
IN00051531,21,01,39891,500,1,2007-06-01 15:52:09.000,2007-06-02 10:58:58.910,10500,调拨入库 ,11000,500,666,665,1N4739 9.1V,TC1N4739A 9.1V,TCS,DO-41,
IN00051531,21,01,39900,500,1,2007-06-01 15:52:09.000,2007-06-02 10:58:58.910,11950,调拨入库 ,12500,500,666,665,1N4734 5.6V,TC1N4734A 5.6V,TCS,DO-41,
IN00051531,21,01,39901,500,1,2007-06-01 15:52:09.000,2007-06-02 10:58:58.910,5000,调拨入库 ,6500,500,666,665,1N4736 6.8V,TC1N4736A 6.8V,TCS,DO-41,
IN00051823,21,01,39898,20000,1,2007-06-07 15:47:03.000,2007-06-08 09:28:22.570,-11500,调拨入库 ,8500,8500,660,659,1N4732 4.7V,TC1N4732A 4.7V,TCS,DO-41,
IN00052472,21,01,39885,2000,1,2007-06-19 15:58:46.000,2007-06-20 15:53:20.310,13500,调拨入库 ,15500,2000,648,647,1N4748 22V,TC1N4748A 22V,TCS,DO-41,
IN00054310,23,01,36105,40000,1,2007-07-26 09:31:32.420,2007-07-26 09:31:32.420,-31500,调拨入库 ,8500,8500,611,611,2V0 1/2W,BZX55C 2V0 ,SEMTECH,DO-35,NULL
IN00054626,23,01,36116,20000,1,2007-08-01 09:12:35.000,2007-08-01 09:12:35.000,-3500,调拨入库 ,16500,16500,605,605,7V5 1/2W,BZX55C 7V5 ,SEMTECH,DO-35,NULL
IN00055450,21,01,39895,5000,1,2007-08-17 10:57:23.000,2007-08-20 10:27:10.827,15000,调拨入库 ,20000,5000,589,586,1N4743 13V,TC1N4743A 13V,TCS,DO-41,
IN00055732,21,01,39900,50,1,2007-08-22 10:27:22.000,2007-08-22 10:48:36.763,12450,调拨入库 ,12500,50,584,584,1N4734 5.6V,TC1N4734A 5.6V,TCS,DO-41,
IN00055789,21,01,39902,5000,1,2007-08-23 11:01:35.000,2007-08-23 16:21:56.217,-2000,调拨入库 ,8000,3000,583,583,1N4735 6.2V,TC1N4735A 6.2V,TCS,DO-41,
IN00056061,23,01,39205,20000,1,2007-08-29 15:59:07.217,2007-08-29 15:59:07.217,-15277,调拨入库 ,35000,4723,577,577,10V 1/2W,FKW10V,FKW,DO-35,
IN00058126,21,01,39901,1000,1,2007-10-09 10:04:54.000,2007-10-09 15:00:29.823,5500,调拨入库 ,6500,1000,536,536,1N4736 6.8V,TC1N4736A 6.8V,TCS,DO-41,
IN00059144,21,01,40296,1000,1,2007-10-30 09:32:50.000,2007-10-31 10:57:31.143,28800,调拨入库 ,29800,1000,515,514,HER104,HER104 (编带),FORTUNE,DO-41,
IN00059244,23,01,36126,20000,1,2007-11-01 10:34:32.970,2007-11-01 10:34:32.970,-19000,调拨入库 ,11000,1000,513,513,20V 1/2W,BZX55C 20V ,SEMTECH,DO-35,NULL
IN00059337,21,01,42592,5,1,2007-11-02 11:48:51.000,2007-11-02 11:49:50.613,1035,调拨入库 ,1040,5,512,512,DB3,DB3 (编带),CH,DO-35,
IN00059450,23,01,39737,10000,1,2007-11-06 11:05:11.097,2007-11-06 11:05:11.097,-7500,调拨入库 ,37000,2500,508,508,33V 1/2W,FKW33V,FKW,DO-35,
IN00059911,21,01,40930,200,1,2007-11-13 16:32:27.000,2007-11-14 11:40:14.327,3700,调拨入库 ,3990,200,501,500,ZMM 30V,ZMM 30V,SEMTECH,LL-34,
IN00061145,23,01,45843,25000,1,2007-12-11 12:17:24.687,2007-12-11 12:17:24.687,-24570,调拨入库 ,430,430,473,473,HZ9A2,HZ9A2TA 编带,RENESAS,DO-35,
IN00061188,23,01,35987,10000,1,2007-12-12 16:25:10.640,2007-12-12 16:25:10.640,-500,调拨入库 ,19500,9500,472,472,HZ4B3 ,HZ4B3  ,RENESAS,DO-35,NULL
IN00061188,23,01,36010,10000,1,2007-12-12 16:25:10.640,2007-12-12 16:25:10.640,-1000,调拨入库 ,9000,9000,472,472,HZ7A2 ,HZ7A2 ,RENESAS,DO-35,NULL
IN00061189,23,01,36047,10000,1,2007-12-12 16:31:49.500,2007-12-12 16:31:49.500,-4500,调拨入库 ,15500,5500,472,472,HZ16-3 ,HZ16-3 ,RENESAS,DO-35,NULL
IN00061189,23,01,36048,10000,1,2007-12-12 16:31:49.500,2007-12-12 16:31:49.500,-9500,调拨入库 ,10500,500,472,472,HZ18-1 ,HZ18-1 ,RENESAS,DO-35,NULL
IN00061189,23,01,36062,10000,1,2007-12-12 16:31:49.500,2007-12-12 16:31:49.500,-500,调拨入库 ,19500,9500,472,472,HZ27-3 ,HZ27-3 ,RENESAS,DO-35,NULL
IN00061619,21,01,41026,5000,1,2007-12-20 08:50:46.000,2007-12-20 12:53:32.373,-1000,调拨入库 ,4000,4000,464,464,1N4748 22V,1N4748A 22V (编带） ,SEMTECH,DO-41,
IN00061852,23,01,36115,10000,1,2007-12-24 11:06:48.437,2007-12-24 11:06:48.437,-5000,调拨入库 ,15000,5000,460,460,6V8 1/2W,BZX55C 6V8 ,SEMTECH,DO-35,NULL
IN00062179,21,01,39908,2000,1,2007-12-30 15:26:22.000,2007-12-30 15:47:53.997,-100,调拨入库 ,1900,1900,454,454,85C15 15V,BZX85C 15V,FKW,DO-35,
IN00063234,23,01,38982,9000,1,2008-01-23 10:08:49.700,2008-01-23 10:08:49.700,15000,调拨入库 ,24000,9000,430,430,24V 1/2W,FKW24V,FKW,DO-35,
IN00063235,23,01,38979,16500,1,2008-01-23 10:09:18.000,2008-01-23 10:09:18.000,-11500,调拨入库 ,6000,5000,430,430,6V2 1/2W,FKW6V2,FKW,DO-35,
IN00063709,21,01,39887,2000,1,2008-02-19 14:13:30.000,2008-02-19 15:40:03.920,8000,调拨入库 ,10000,2000,403,403,1N4750 27V,TC1N4750A 27V,TCS,DO-41,
IN00063710,21,01,39902,3000,1,2008-02-19 14:14:52.000,2008-02-19 15:39:55.090,3000,调拨入库 ,8000,3000,403,403,1N4735 6.2V,TC1N4735A 6.2V,TCS,DO-41,
IN00064670,21,01,39893,1000,1,2008-03-10 11:07:53.000,2008-03-11 11:42:33.107,7000,调拨入库 ,8000,1000,383,382,1N4741 11V,TC1N4741A 11V,TCS,DO-41,
IN00065210,21,01,45201,17500,1,2008-03-19 16:52:14.000,2008-03-19 17:09:38.840,-7500,调拨入库 ,10000,10000,374,374,BAV102,BAV102,NXP,SOD80C,
IN00065559,23,01,36128,20000,1,2008-03-26 09:02:52.747,2008-03-26 09:02:52.747,-3000,调拨入库 ,38000,17000,367,367,24V 1/2W,BZX55C 24V ,SEMTECH,DO-35,NULL
IN00065703,21,01,39983,1000,1,2008-03-29 09:48:55.000,2008-03-29 11:04:55.280,-955,调拨入库 ,45,45,364,364,MBR2045,MBR2045CT,ON,TO-220AB,
IN00066019,21,01,36128,1000,1,2008-04-07 14:10:57.000,2008-04-08 10:03:04.420,17000,调拨入库 ,38000,1000,355,354,24V 1/2W,BZX55C 24V ,SEMTECH,DO-35,NULL
IN00066780,21,01,44717,500,1,2008-04-21 09:10:16.000,2008-04-21 09:15:17.240,1029,调拨入库 ,1529,500,341,341,MUR860,MUR860G,ON,TO-220AC,
IN00066993,23,01,39650,30000,1,2008-04-23 16:28:19.617,2008-04-23 16:28:19.617,-3100,调拨入库 ,46900,26900,339,339,2V7 1/2W,FKW2V7,FKW,DO-35,
IN00067160,23,01,39788,3000,1,2008-04-26 16:59:36.160,2008-04-26 16:59:36.160,19500,调拨入库 ,27000,3000,336,336,20V 1/2W,FKW20V0,FKW,DO-35,
IN00067564,23,01,45926,5000,1,2008-05-06 13:46:22.260,2008-05-06 13:46:22.260,-25,调拨入库 ,10475,4975,326,326,HZ2C2,HZ2C2TA  编带,RENESAS,DO-35,
IN00068306,21,01,45794,50,1,2008-05-21 15:41:41.000,2008-05-21 17:12:47.727,3393,调拨入库 ,3443,50,311,311,MUR1620CTG,MUR1620CTG,ON,TO-220,
IN00068633,23,01,46517,12500,1,2008-05-28 09:05:58.487,2008-05-28 09:05:58.487,-1500,调拨入库 ,11000,11000,304,304,HER305,HER305 (编带),FORTUNE,DO-27,
IN00068653,21,01,39907,500,1,2008-05-28 12:16:05.000,2008-05-28 14:03:00.843,-92,调拨入库 ,408,408,304,304,1N4754 39V,TC1N4754A 39V,TCS,DO-41,
IN00068911,23,01,36725,25000,1,2008-06-04 13:44:03.267,2008-06-04 13:44:03.267,2813,调拨入库 ,31313,25000,297,297,FR207,FR207,FORTUNE,DO-15,
IN00069064,23,01,45952,20000,1,2008-06-06 10:21:07.300,2008-06-06 10:21:07.300,-15000,调拨入库 ,5000,5000,295,295,HZ5C3,HZ5C3TA  编带,RENESAS,DO-35,
IN00069186,23,01,38977,10000,1,2008-06-10 10:18:26.867,2008-06-10 10:18:26.867,-3600,调拨入库 ,31900,6400,291,291,4V7 1/2W,FKW4V7,FKW,DO-35,
IN00069187,23,01,36119,10000,1,2008-06-10 10:18:31.367,2008-06-10 10:18:31.367,-7723,调拨入库 ,52277,2277,291,291,10V 1/2W,BZX55C 10V ,SEMTECH,DO-35,NULL
IN00070476,23,01,46706,30000,1,2008-07-08 10:05:32.937,2008-07-08 10:05:32.937,-28600,调拨入库 ,52400,1400,263,263,1N5399,1N5399(编带),CH,DO-15,
IN00070480,23,01,40922,2500,1,2008-07-08 10:13:27.530,2008-07-08 10:13:27.530,3127,调拨入库 ,6127,2500,263,263,ZMM 12V,ZMM 12V,SEMTECH,LL-34,
IN00070551,21,01,42067,100,1,2008-07-09 15:56:57.000,2008-07-10 13:08:43.107,-65,调拨入库 ,35,35,262,261,SF16,SF16,CH,DO-41,
IN00070883,23,01,46706,30000,1,2008-07-16 14:35:41.670,2008-07-16 14:35:41.670,1400,调拨入库 ,52400,30000,255,255,1N5399,1N5399(编带),CH,DO-15,
IN00071088,21,01,36403,1000,1,2008-07-19 15:56:06.000,2008-07-19 16:12:22.013,-707,调拨入库 ,443,293,252,252,FR107,FR107 （散装）,FORTUNE,DO-41,NULL
IN00071843,23,01,36146,16000,1,2008-08-05 09:46:18.493,2008-08-05 09:46:18.493,-2946,调拨入库 ,13054,13054,235,235,1N4743 13V,1N4743A 13V,TCON,DO-41,NULL
IN00072635,23,01,38977,10000,1,2008-08-21 15:40:47.893,2008-08-21 15:40:47.893,6400,调拨入库 ,31900,10000,219,219,4V7 1/2W,FKW4V7,FKW,DO-35,
IN00072744,21,01,39902,2000,1,2008-08-23 15:28:16.000,2008-08-25 09:05:31.410,6000,调拨入库 ,8000,2000,217,215,1N4735 6.2V,TC1N4735A 6.2V,TCS,DO-41,
IN00072983,21,01,36408,1000,1,2008-08-29 15:03:38.000,2008-08-29 16:23:20.753,-402,调拨入库 ,598,598,211,211,1N5817,1N5817,FORTUNE,DO-41,NULL
IN00073073,21,01,40913,2500,1,2008-09-01 16:32:56.000,2008-09-02 09:39:12.827,-134,调拨入库 ,4866,2366,208,207,ZMM 3V3,ZMM 3V3,SEMTECH,LL-34,
IN00073410,23,01,45908,3800,1,2008-09-09 14:36:53.920,2008-09-09 14:36:53.920,-555,调拨入库 ,3245,3245,200,200,HZ18-2,HZ18-2TA  编带,RENESAS,DO-35,
IN00073438,23,01,36405,10000,1,2008-09-10 09:50:55.590,2008-09-10 09:50:55.590,-8406,调拨入库 ,1594,1594,199,199,FR307,FR307,FORTUNE,DO-201AD,NULL
IN00073439,23,01,36809,10000,1,2008-09-10 09:51:22.090,2008-09-10 09:51:22.090,-9352,调拨入库 ,648,648,199,199,HER305,HER305,FORTUNE,DO-27,
IN00073994,23,01,46349,15000,1,2008-09-23 10:09:56.740,2008-09-23 10:09:56.740,-10000,调拨入库 ,5000,5000,186,186,HZ4CLLTA-E,HZ4CLLTA-E,RENESAS,DO-35,
IN00073994,23,01,46559,10000,1,2008-09-23 10:09:56.740,2008-09-23 10:09:56.740,-5000,调拨入库 ,5000,5000,186,186,HZ2ALLTA-E,HZ2ALLTA-E ,RENESAS,DO-35,
IN00075328,23,01,36108,40000,1,2008-10-28 08:57:50.957,2008-10-28 08:57:50.957,7000,调拨入库 ,47000,40000,151,151,3V6 1/2W,BZX55C 3V6 ,SEMTECH,DO-35,NULL
IN00075328,23,01,36111,25000,1,2008-10-28 08:57:50.957,2008-10-28 08:57:50.957,5000,调拨入库 ,30000,25000,151,151,4V7 1/2W,BZX55C 4V7 ,SEMTECH,DO-35,NULL
IN00075328,23,01,36114,172250,1,2008-10-28 08:57:50.957,2008-10-28 08:57:50.957,-37500,调拨入库 ,134750,134750,151,151,6V2 1/2W,BZX55C 6V2 ,SEMTECH,DO-35,NULL
IN00075328,23,01,36115,10000,1,2008-10-28 08:57:50.957,2008-10-28 08:57:50.957,5000,调拨入库 ,15000,10000,151,151,6V8 1/2W,BZX55C 6V8 ,SEMTECH,DO-35,NULL
IN00075328,23,01,36119,50000,1,2008-10-28 08:57:50.957,2008-10-28 08:57:50.957,2277,调拨入库 ,52277,50000,151,151,10V 1/2W,BZX55C 10V ,SEMTECH,DO-35,NULL
IN00075328,23,01,36122,20000,1,2008-10-28 08:57:50.957,2008-10-28 08:57:50.957,26500,调拨入库 ,46500,20000,151,151,13V 1/2W,BZX55C 13V ,SEMTECH,DO-35,NULL
IN00075328,23,01,36125,20000,1,2008-10-28 08:57:50.957,2008-10-28 08:57:50.957,14000,调拨入库 ,36000,20000,151,151,18V 1/2W,BZX55C 18V ,SEMTECH,DO-35,NULL
IN00075328,23,01,36127,20000,1,2008-10-28 08:57:50.957,2008-10-28 08:57:50.957,-13500,调拨入库 ,6500,6500,151,151,22V 1/2W,BZX55C 22V ,SEMTECH,DO-35,NULL
IN00075328,23,01,36128,20000,1,2008-10-28 08:57:50.957,2008-10-28 08:57:50.957,18000,调拨入库 ,38000,20000,151,151,24V 1/2W,BZX55C 24V ,SEMTECH,DO-35,NULL
IN00075328,23,01,36130,30000,1,2008-10-28 08:57:50.957,2008-10-28 08:57:50.957,-500,调拨入库 ,29500,29500,151,151,30V 1/2W,BZX55C 30V ,SEMTECH,DO-35,NULL
IN00075328,23,01,36803,20000,1,2008-10-28 08:57:50.957,2008-10-28 08:57:50.957,20500,调拨入库 ,40500,20000,151,151,36V 1/2W,BZX55C 36V ,SEMTECH,DO-35,
IN00075328,23,01,36804,20000,1,2008-10-28 08:57:50.957,2008-10-28 08:57:50.957,-500,调拨入库 ,19500,19500,151,151,2V4 1/2W,BZX55C 2V4 ,SEMTECH,DO-35,
IN00075328,23,01,36805,66500,1,2008-10-28 08:57:50.957,2008-10-28 08:57:50.957,5500,调拨入库 ,72000,66500,151,151,3V3 1/2W,BZX55C 3V3 ,SEMTECH,DO-35,
IN00075328,23,01,38977,15500,1,2008-10-28 08:57:50.957,2008-10-28 08:57:50.957,16400,调拨入库 ,31900,15500,151,151,4V7 1/2W,FKW4V7,FKW,DO-35,
IN00075328,23,01,39198,49500,1,2008-10-28 08:57:50.957,2008-10-28 08:57:50.957,-20000,调拨入库 ,29500,29500,151,151,2V4 1/2W,FKW2V4,FKW,DO-35,
IN00075328,23,01,39199,12000,1,2008-10-28 08:57:50.957,2008-10-28 08:57:50.957,-3000,调拨入库 ,9000,9000,151,151,15V 1/2W,FKW15V,FKW,DO-35,
IN00075328,23,01,39200,9000,1,2008-10-28 08:57:50.957,2008-10-28 08:57:50.957,22000,调拨入库 ,31000,9000,151,151,18V 1/2W,FKW18V,FKW,DO-35,
IN00075328,23,01,39201,16000,1,2008-10-28 08:57:50.957,2008-10-28 08:57:50.957,500,调拨入库 ,16500,16000,151,151,3V6 1/2W,FKW3V6,FKW,DO-35,
IN00075328,23,01,39205,28500,1,2008-10-28 08:57:50.957,2008-10-28 08:57:50.957,6500,调拨入库 ,35000,28500,151,151,10V 1/2W,FKW10V,FKW,DO-35,
IN00075328,23,01,39366,34500,1,2008-10-28 08:57:50.957,2008-10-28 08:57:50.957,-6600,调拨入库 ,27900,27900,151,151,7V5 1/2W,FKW7V5,FKW,DO-35,
IN00075328,23,01,39650,20000,1,2008-10-28 08:57:50.957,2008-10-28 08:57:50.957,26900,调拨入库 ,46900,20000,151,151,2V7 1/2W,FKW2V7,FKW,DO-35,
IN00075328,23,01,39668,60000,1,2008-10-28 08:57:50.957,2008-10-28 08:57:50.957,4500,调拨入库 ,64500,60000,151,151,36V 1/2W,FKW36V,FKW,DO-35,
IN00075328,23,01,39737,34500,1,2008-10-28 08:57:50.957,2008-10-28 08:57:50.957,2500,调拨入库 ,37000,34500,151,151,33V 1/2W,FKW33V,FKW,DO-35,
IN00075328,23,01,39788,4500,1,2008-10-28 08:57:50.957,2008-10-28 08:57:50.957,22500,调拨入库 ,27000,4500,151,151,20V 1/2W,FKW20V0,FKW,DO-35,
IN00075328,23,01,39789,60000,1,2008-10-28 08:57:50.957,2008-10-28 08:57:50.957,6000,调拨入库 ,66000,60000,151,151,22V 1/2W,FKW22V0,FKW,DO-35,
IN00075328,23,01,39790,70000,1,2008-10-28 08:57:50.957,2008-10-28 08:57:50.957,1500,调拨入库 ,71500,70000,151,151,30V 1/2W,FKW30V,FKW,DO-35,
IN00075423,23,01,36017,10000,1,2008-10-30 10:21:05.817,2008-10-30 10:21:05.817,-2500,调拨入库 ,7500,7500,149,149,HZ9A3 ,HZ9A3  ,RENESAS,DO-35,NULL
IN00075423,23,01,36022,4500,1,2008-10-30 10:21:05.817,2008-10-30 10:21:05.817,-2500,调拨入库 ,2000,2000,149,149,HZ9C2 ,HZ9C2  ,RENESAS,DO-35,NULL
IN00075423,23,01,36023,10000,1,2008-10-30 10:21:05.817,2008-10-30 10:21:05.817,-6000,调拨入库 ,8000,4000,149,149,HZ9C3 ,HZ9C3  ,RENESAS,DO-35,NULL
IN00075424,23,01,35970,10000,1,2008-10-30 10:21:16.083,2008-10-30 10:21:16.083,-9500,调拨入库 ,16500,500,149,149,HZ2C1 ,HZ2C1  ,RENESAS,DO-35,NULL
IN00075424,23,01,35979,40000,1,2008-10-30 10:21:16.083,2008-10-30 10:21:16.083,-24000,调拨入库 ,16000,16000,149,149,HZ3C1 ,HZ3C1  ,RENESAS,DO-35,NULL
IN00075424,23,01,35984,9500,1,2008-10-30 10:21:16.083,2008-10-30 10:21:16.083,-5000,调拨入库 ,4500,4500,149,149,HZ4A3 ,HZ4A3  ,RENESAS,DO-35,NULL
IN00075424,23,01,36024,7500,1,2008-10-30 10:21:16.083,2008-10-30 10:21:16.083,10000,调拨入库 ,17500,7500,149,149,HZ11A1 ,HZ11A1 ,RENESAS,DO-35,NULL
IN00075425,23,01,36041,10000,1,2008-10-30 10:21:30.410,2008-10-30 10:21:30.410,-7000,调拨入库 ,3000,3000,149,149,HZ12C3 ,HZ12C3 ,RENESAS,DO-35,NULL
IN00075425,23,01,36047,10000,1,2008-10-30 10:21:30.410,2008-10-30 10:21:30.410,5500,调拨入库 ,15500,10000,149,149,HZ16-3 ,HZ16-3 ,RENESAS,DO-35,NULL
IN00075425,23,01,36048,10000,1,2008-10-30 10:21:30.410,2008-10-30 10:21:30.410,500,调拨入库 ,10500,10000,149,149,HZ18-1 ,HZ18-1 ,RENESAS,DO-35,NULL
IN00075425,23,01,36053,10000,1,2008-10-30 10:21:30.410,2008-10-30 10:21:30.410,10000,调拨入库 ,20000,10000,149,149,HZ20-3 ,HZ20-3  ,RENESAS,DO-35,NULL
IN00075425,23,01,36057,8500,1,2008-10-30 10:21:30.410,2008-10-30 10:21:30.410,-500,调拨入库 ,8000,8000,149,149,HZ24-1 ,HZ24-1  ,RENESAS,DO-35,NULL
IN00075425,23,01,36062,10000,1,2008-10-30 10:21:30.410,2008-10-30 10:21:30.410,9500,调拨入库 ,19500,10000,149,149,HZ27-3 ,HZ27-3 ,RENESAS,DO-35,NULL
IN00075425,23,01,36070,4000,1,2008-10-30 10:21:30.410,2008-10-30 10:21:30.410,-1000,调拨入库 ,6000,3000,149,149,HZ36-2 ,HZ36-2  ,RENESAS,DO-35,NULL
IN00075425,23,01,36071,10000,1,2008-10-30 10:21:30.410,2008-10-30 10:21:30.410,10000,调拨入库 ,20000,10000,149,149,HZ36-3 ,HZ36-3  ,RENESAS,DO-35,NULL
IN00075431,23,01,45114,14900,1,2008-10-30 12:00:09.880,2008-10-30 12:00:09.880,10000,调拨入库 ,24900,14900,149,149,HZ7A1,HZ7A1TA  编带,RENESAS,DO-35,
IN00075431,23,01,45846,10000,1,2008-10-30 12:00:09.880,2008-10-30 12:00:09.880,4500,调拨入库 ,14500,10000,149,149,HZ4C1,HZ4C1TA 编带,RENESAS,DO-35,
IN00075431,23,01,45941,15000,1,2008-10-30 12:00:09.880,2008-10-30 12:00:09.880,-5500,调拨入库 ,9500,9500,149,149,HZ3B3,HZ3B3TA  编带,RENESAS,DO-35,
IN00075431,23,01,45943,14900,1,2008-10-30 12:00:09.880,2008-10-30 12:00:09.880,4952,调拨入库 ,19852,14900,149,149,HZ3C2,HZ3C2TA  编带,RENESAS,DO-35,
IN00075431,23,01,45966,11950,1,2008-10-30 12:00:09.880,2008-10-30 12:00:09.880,-10,调拨入库 ,11940,11940,149,149,HZ9A1,HZ9A1TA  编带,RENESAS,DO-35,
IN00075431,23,01,45974,19490,1,2008-10-30 12:00:09.880,2008-10-30 12:00:09.880,-19050,调拨入库 ,440,440,149,149,HZ4A2,HZ4A2TA  编带,RENESAS,DO-35,
IN00075436,23,01,45849,4300,1,2008-10-30 12:53:22.303,2008-10-30 12:53:22.303,-5,调拨入库 ,4295,4295,149,149,HZ5A3,HZ5A3TA  编带,RENESAS,DO-35,
IN00075436,23,01,45905,15000,1,2008-10-30 12:53:22.303,2008-10-30 12:53:22.303,-5420,调拨入库 ,9580,9580,149,149,HZ16-2,HZ16-2TA  编带,RENESAS,DO-35,
IN00075436,23,01,45921,9500,1,2008-10-30 12:53:22.303,2008-10-30 12:53:22.303,-5500,调拨入库 ,4000,4000,149,149,HZ27-3,HZ27-3TA  编带,RENESAS,DO-35,
IN00075436,23,01,45923,7800,1,2008-10-30 12:53:22.303,2008-10-30 12:53:22.303,5000,调拨入库 ,12800,7800,149,149,HZ2B2,HZ2B2TA  编带,RENESAS,DO-35,
IN00075436,23,01,45926,5500,1,2008-10-30 12:53:22.303,2008-10-30 12:53:22.303,4975,调拨入库 ,10475,5500,149,149,HZ2C2,HZ2C2TA  编带,RENESAS,DO-35,
IN00075436,23,01,45927,15000,1,2008-10-30 12:53:22.303,2008-10-30 12:53:22.303,-6000,调拨入库 ,9000,9000,149,149,HZ2C3,HZ2C3TA  编带,RENESAS,DO-35,
IN00075436,23,01,45950,14678,1,2008-10-30 12:53:22.303,2008-10-30 12:53:22.303,52,调拨入库 ,14730,14678,149,149,HZ5B2,HZ5B2TA  编带,RENESAS,DO-35,
IN00075436,23,01,45951,7673,1,2008-10-30 12:53:22.303,2008-10-30 12:53:22.303,-3973,调拨入库 ,3700,3700,149,149,HZ5B3,HZ5B3TA  编带,RENESAS,DO-35,
IN00075436,23,01,45957,3950,1,2008-10-30 12:53:22.303,2008-10-30 12:53:22.303,-10,调拨入库 ,3940,3940,149,149,HZ6C1,HZ6C1TA  编带,RENESAS,DO-35,
IN00075437,23,01,45115,950,1,2008-10-30 13:10:30.710,2008-10-30 13:10:30.710,-200,调拨入库 ,750,750,149,149,HZ9A3,HZ9A3TA  编带,RENESAS,DO-35,
IN00075437,23,01,45119,8370,1,2008-10-30 13:10:30.710,2008-10-30 13:10:30.710,-520,调拨入库 ,7850,7850,149,149,HZ15-2,HZ15-2TA 编带,RENESAS,DO-35,
IN00075437,23,01,45848,4735,1,2008-10-30 13:10:30.710,2008-10-30 13:10:30.710,-500,调拨入库 ,4235,4235,149,149,HZ5A2,HZ5A2TA 编带,RENESAS,DO-35,
IN00075437,23,01,45898,14670,1,2008-10-30 13:10:30.710,2008-10-30 13:10:30.710,-10000,调拨入库 ,4670,4670,149,149,HZ12B3,HZ12B3TA  编带,RENESAS,DO-35,
IN00075437,23,01,45901,13800,1,2008-10-30 13:10:30.710,2008-10-30 13:10:30.710,-380,调拨入库 ,13420,13420,149,149,HZ12C3,HZ12C3TA  编带,RENESAS,DO-35,
IN00075437,23,01,45906,15000,1,2008-10-30 13:10:30.710,2008-10-30 13:10:30.710,-10000,调拨入库 ,5000,5000,149,149,HZ16-3,HZ16-3TA  编带,RENESAS,DO-35,
IN00075437,23,01,45910,12980,1,2008-10-30 13:10:30.710,2008-10-30 13:10:30.710,-200,调拨入库 ,12780,12780,149,149,HZ20-1,HZ20-1TA  编带,RENESAS,DO-35,
IN00075437,23,01,45932,8000,1,2008-10-30 13:10:30.710,2008-10-30 13:10:30.710,-4950,调拨入库 ,3050,3050,149,149,HZ33-2,HZ33-2TA  编带,RENESAS,DO-35,
IN00075437,23,01,45942,2780,1,2008-10-30 13:10:30.710,2008-10-30 13:10:30.710,-5,调拨入库 ,2775,2775,149,149,HZ3C1,HZ3C1TA  编带,RENESAS,DO-35,
IN00075437,23,01,45960,3900,1,2008-10-30 13:10:30.710,2008-10-30 13:10:30.710,-3100,调拨入库 ,800,800,149,149,HZ7A3,HZ7A3TA  编带,RENESAS,DO-35,
IN00075437,23,01,45961,14000,1,2008-10-30 13:10:30.710,2008-10-30 13:10:30.710,-200,调拨入库 ,13800,13800,149,149,HZ7B1,HZ7B1TA  编带,RENESAS,DO-35,
IN00075437,23,01,45968,3800,1,2008-10-30 13:10:30.710,2008-10-30 13:10:30.710,-550,调拨入库 ,3250,3250,149,149,HZ9B2,HZ9B2TA  编带,RENESAS,DO-35,
IN00075437,23,01,45970,2000,1,2008-10-30 13:10:30.710,2008-10-30 13:10:30.710,1500,调拨入库 ,3500,2000,149,149,HZ9C2,HZ9C2TA  编带,RENESAS,DO-35,
IN00075440,23,01,45907,13964,1,2008-10-30 13:47:00.270,2008-10-30 13:47:00.270,-100,调拨入库 ,13864,13864,149,149,HZ18-1,HZ18-1TA  编带,RENESAS,DO-35,
IN00075466,23,01,36006,10000,1,2008-10-31 10:29:27.270,2008-10-31 10:29:27.270,-500,调拨入库 ,19500,9500,148,148,HZ6C1,HZ6C1   ,RENESAS,DO-35,NULL
IN00075467,23,01,36407,670,1,2008-10-31 11:25:07.973,2008-10-31 11:25:07.973,7385,调拨入库 ,17055,670,148,148,1N5819,1N5819,FORTUNE,DO-41,NULL
IN00075467,23,01,36725,3500,1,2008-10-31 11:25:07.973,2008-10-31 11:25:07.973,27813,调拨入库 ,31313,3500,148,148,FR207,FR207,FORTUNE,DO-15,
IN00075467,23,01,37706,3000,1,2008-10-31 11:25:07.973,2008-10-31 11:25:07.973,27947,调拨入库 ,30947,3000,148,148,FR107,FR107AT (编带),FORTUNE,DO-41,
IN00075467,23,01,38228,22200,1,2008-10-31 11:25:07.973,2008-10-31 11:25:07.973,-20922,调拨入库 ,1278,1278,148,148,4148,TC1N4148 (散装),TCS,DO-35,
IN00075467,23,01,39448,600,1,2008-10-31 11:25:07.973,2008-10-31 11:25:07.973,-10,调拨入库 ,590,590,148,148,SR560,SR560,FORTUNE,DO-27,
IN00075467,23,01,39594,60000,1,2008-10-31 11:25:07.973,2008-10-31 11:25:07.973,-55000,调拨入库 ,75000,5000,148,148,4148,TC1N4148TB (编带),TCS,DO-35,
IN00075467,23,01,46706,21000,1,2008-10-31 11:25:07.973,2008-10-31 11:25:07.973,31400,调拨入库 ,52400,21000,148,148,1N5399,1N5399(编带),CH,DO-15,
IN00075639,23,01,42091,100000,1,2008-11-05 08:51:59.763,2008-11-05 08:51:59.763,-85100,调拨入库 ,19900,14900,143,143,DB3,DB3,CH,DO-41,
IN00075641,23,01,45110,20000,1,2008-11-05 08:53:57.920,2008-11-05 08:53:57.920,-8350,调拨入库 ,11650,11650,143,143,HZ4C3,HZ4C3TA  编带,RENESAS,DO-35,
IN00075672,23,01,45117,50000,1,2008-11-05 13:36:36.217,2008-11-05 13:36:36.217,-26950,调拨入库 ,23050,23050,143,143,HZ5A1,HZ5A1TA  编带,RENESAS,DO-35,
IN00075674,23,01,36006,10000,1,2008-11-05 13:36:44.810,2008-11-05 13:36:44.810,9500,调拨入库 ,19500,10000,143,143,HZ6C1,HZ6C1   ,RENESAS,DO-35,NULL
IN00075674,23,01,36070,3000,1,2008-11-05 13:36:44.810,2008-11-05 13:36:44.810,3000,调拨入库 ,6000,3000,143,143,HZ36-2 ,HZ36-2  ,RENESAS,DO-35,NULL
IN00075727,23,01,36403,150,1,2008-11-06 13:56:29.420,2008-11-06 13:56:29.420,293,调拨入库 ,443,150,142,142,FR107,FR107 （散装）,FORTUNE,DO-41,NULL
IN00075727,23,01,39394,11500,1,2008-11-06 13:56:29.420,2008-11-06 13:56:29.420,-1000,调拨入库 ,10500,10500,142,142,27V0 1/2W,FKW27V,FKW,DO-35,
IN00075727,23,01,42057,12000,1,2008-11-06 13:56:29.420,2008-11-06 13:56:29.420,-3000,调拨入库 ,9000,9000,142,142,BZX84-C8V2,BZX84-C8V2,NXP,SOT-23,
IN00075732,23,01,39611,26485,1,2008-11-06 14:06:55.123,2008-11-06 14:06:55.123,-14369,调拨入库 ,12116,12116,142,142,SR260,SR260,FORTUNE,DO-15,
IN00075754,23,01,35999,13500,1,2008-11-06 16:24:06.547,2008-11-06 16:24:06.547,-6000,调拨入库 ,7500,7500,142,142,HZ5C3 ,HZ5C3  ,RENESAS,DO-35,NULL
IN00076322,23,01,35995,10000,1,2008-11-24 09:09:24.657,2008-11-24 09:09:24.657,-1000,调拨入库 ,19500,9000,124,124,HZ5B2 ,HZ5B2  ,RENESAS,DO-35,NULL
IN00076322,23,01,36012,10000,1,2008-11-24 09:09:24.657,2008-11-24 09:09:24.657,-9000,调拨入库 ,1000,1000,124,124,HZ7B1 ,HZ7B1  ,RENESAS,DO-35,NULL
IN00076463,21,01,39663,1000,1,2008-11-27 13:28:54.000,2008-11-27 13:32:37.763,-989,调拨入库 ,11,11,121,121,1N4761 75V,1N4761A 75V,TCON,DO-41,
IN00076567,23,01,45113,20000,1,2008-12-01 14:21:14.763,2008-12-01 14:21:14.763,-2215,调拨入库 ,17785,17785,117,117,HZ6C2,HZ6C2TA  编带,RENESAS,DO-35,
IN00076599,21,01,37500,400000,1,2008-12-02 09:52:43.000,2008-12-02 09:53:42.060,-378687,调拨入库 ,21313,21313,116,116,4148,1N4148ST (编带),SEMTECH,DO-34,
IN00076776,23,01,36040,20000,1,2008-12-05 09:21:08.893,2008-12-05 09:21:08.893,-19500,调拨入库 ,500,500,113,113,HZ12C2 ,HZ12C2 ,RENESAS,DO-35,NULL
IN00076776,23,01,42179,5500,1,2008-12-05 09:21:08.893,2008-12-05 09:21:08.893,-2500,调拨入库 ,12000,3000,113,113,HZ7C3,HZ7C3 7.7V,RENESAS,DO-35,NULL
IN00076831,21,01,46934,4000,1,2008-12-06 10:05:18.000,2008-12-06 10:13:39.567,-3000,调拨入库 ,1000,1000,112,112,SB240,SB240,RECTRON,DO-41,
IN00076886,23,01,36045,20000,1,2008-12-08 13:59:37.583,2008-12-08 13:59:37.583,-17000,调拨入库 ,3000,3000,110,110,HZ16-1 ,HZ16-1 ,RENESAS,DO-35,NULL
IN00076966,23,01,45892,20000,1,2008-12-10 10:19:49.733,2008-12-10 10:19:49.733,-15000,调拨入库 ,5000,5000,108,108,HZ11B3,HZ11B3TA  编带,RENESAS,DO-35,
IN00077004,21,01,46243,2000,1,2008-12-11 14:27:22.000,2008-12-12 11:00:55.220,-1898,调拨入库 ,102,102,107,106,HER107,HER107,FORTUNE,DO-41,
IN00077169,23,01,35993,10000,1,2008-12-15 13:28:17.810,2008-12-15 13:28:17.810,-4000,调拨入库 ,6000,6000,103,103,HZ5A3 ,HZ5A3  ,RENESAS,DO-35,NULL
IN00077530,21,01,36107,1000,1,2008-12-26 16:07:57.000,2008-12-27 10:32:45.873,-730,调拨入库 ,270,270,92,91,3V0 1/2W,BZX55C 3V0 ,SEMTECH,DO-35,NULL
IN00077707,21,01,40930,90,1,2008-12-31 15:47:07.000,2008-12-31 16:34:28.640,3900,调拨入库 ,3990,90,87,87,ZMM 30V,ZMM 30V,SEMTECH,LL-34,
IN00077721,23,01,36584,25000,1,2008-12-31 16:25:57.000,2008-12-31 16:25:57.000,-23968,调拨入库 ,1032,1032,87,87,1N5399,1N5399,FORTUNE,DO-15,NULL
IN00077734,21,01,35995,500,1,2008-12-31 17:38:43.000,2008-12-31 17:39:04.513,9000,调拨入库 ,19500,500,87,87,HZ5B2 ,HZ5B2  ,RENESAS,DO-35,NULL
IN00077803,21,01,36125,2000,1,2009-01-05 15:21:21.000,2009-01-06 11:54:39.273,34000,调拨入库 ,36000,2000,82,81,18V 1/2W,BZX55C 18V ,SEMTECH,DO-35,NULL
IN00077971,23,01,36136,16000,1,2009-01-09 08:48:26.673,2009-01-09 08:48:26.673,-11688,调拨入库 ,4312,4312,78,78,1N4733 5.1V,1N4733A 5.1V,TCON,DO-41,NULL
IN00078014,23,01,45842,10000,1,2009-01-10 10:00:29.500,2009-01-10 10:00:29.500,-5150,调拨入库 ,19850,4850,77,77,HZ7C2,HZ7C2TA 编带,RENESAS,DO-35,
IN00078172,21,01,40922,500,1,2009-01-15 14:29:49.000,2009-01-15 16:46:44.067,5627,调拨入库 ,6127,500,72,72,ZMM 12V,ZMM 12V,SEMTECH,LL-34,
IN00078187,21,01,39594,70000,1,2009-01-15 16:53:10.000,2009-01-15 16:56:43.407,5000,调拨入库 ,75000,70000,72,72,4148,TC1N4148TB (编带),TCS,DO-35,
IN00078393,21,01,36144,2143,1,2009-02-03 15:31:17.000,2009-02-03 15:32:03.037,31985,调拨入库 ,34128,2143,53,53,1N4741 11V,1N4741A 11V,TCON,DO-41,NULL
IN00078407,23,01,36042,20000,1,2009-02-04 09:21:12.553,2009-02-04 09:21:12.553,-4500,调拨入库 ,15500,15500,52,52,HZ15-1 ,HZ15-1 ,RENESAS,DO-35,NULL
IN00078473,23,01,36018,5000,1,2009-02-06 15:21:49.880,2009-02-06 15:21:49.880,23500,调拨入库 ,28500,5000,50,50,HZ9B1 ,HZ9B1  ,RENESAS,DO-35,NULL
IN00078473,23,01,36039,20000,1,2009-02-06 15:21:49.880,2009-02-06 15:21:49.880,-18000,调拨入库 ,2000,2000,50,50,HZ12C1 ,HZ12C1,RENESAS,DO-35,NULL
IN00078475,23,01,35987,10000,1,2009-02-06 15:24:07.223,2009-02-06 15:24:07.223,9500,调拨入库 ,19500,10000,50,50,HZ4B3 ,HZ4B3  ,RENESAS,DO-35,NULL
IN00078475,23,01,35995,10000,1,2009-02-06 15:24:07.223,2009-02-06 15:24:07.223,9500,调拨入库 ,19500,10000,50,50,HZ5B2 ,HZ5B2  ,RENESAS,DO-35,NULL
IN00078568,23,01,45899,20000,1,2009-02-10 09:14:41.017,2009-02-10 09:14:41.017,-5825,调拨入库 ,14175,14175,46,46,HZ12C1,HZ12C1TA  编带,RENESAS,DO-35,
IN00078618,23,01,36031,40000,1,2009-02-11 10:02:57.783,2009-02-11 10:02:57.783,-35000,调拨入库 ,15000,5000,45,45,HZ11C2 ,HZ11C2 ,RENESAS,DO-35,NULL
IN00078773,23,01,36138,26000,1,2009-02-14 12:40:52.500,2009-02-14 12:40:52.500,-11061,调拨入库 ,14939,14939,42,42,1N4735 6.2V,1N4735A 6.2V,TCON,DO-41,NULL
IN00078812,23,01,45967,5000,1,2009-02-16 09:06:40.237,2009-02-16 09:06:40.237,-1505,调拨入库 ,3495,3495,40,40,HZ9B1,HZ9B1TA  编带,RENESAS,DO-35,
IN00078877,23,01,35976,10000,1,2009-02-17 09:48:10.583,2009-02-17 09:48:10.583,-8000,调拨入库 ,2000,2000,39,39,HZ3B1 ,HZ3B1  ,RENESAS,DO-35,NULL
IN00078937,23,01,45139,10000,1,2009-02-19 09:15:07.053,2009-02-19 09:15:07.053,-7100,调拨入库 ,2900,2900,37,37,HZ6B2,HZ6B2TA   编带,RENESAS,DO-35,
IN00078942,23,01,36142,16000,1,2009-02-19 09:22:23.977,2009-02-19 09:22:23.977,7140,调拨入库 ,23140,16000,37,37,1N4739 9.1V,1N4739A 9.1V,TCON,DO-41,NULL
IN00079075,23,01,42091,5000,1,2009-02-21 10:08:06.367,2009-02-21 10:08:06.367,14900,调拨入库 ,19900,5000,35,35,DB3,DB3,CH,DO-41,
IN00079078,23,01,35968,20000,1,2009-02-21 10:10:04.227,2009-02-21 10:10:04.227,-10000,调拨入库 ,30000,10000,35,35,HZ2B2 ,HZ2B2  ,RENESAS,DO-35,NULL
IN00079078,23,01,36029,10000,1,2009-02-21 10:10:04.227,2009-02-21 10:10:04.227,-9050,调拨入库 ,950,950,35,35,HZ11B3 ,HZ11B3 ,RENESAS,DO-35,NULL
IN00079078,23,01,36049,30000,1,2009-02-21 10:10:04.227,2009-02-21 10:10:04.227,-20000,调拨入库 ,20000,10000,35,35,HZ18-2 ,HZ18-2,RENESAS,DO-35,NULL
IN00079081,23,01,45902,5000,1,2009-02-21 10:12:18.490,2009-02-21 10:12:18.490,-1522,调拨入库 ,3478,3478,35,35,HZ15-1,HZ15-1TA  编带,RENESAS,DO-35,
IN00079088,21,01,36787,2500,1,2009-02-21 16:50:02.000,2009-02-23 09:51:41.273,-410,调拨入库 ,2090,2090,35,33,ZMM 5V1,ZMM 5V1,SEMTECH,LL-34,
IN00079093,23,01,36033,20000,1,2009-02-23 09:15:28.537,2009-02-23 09:15:28.537,-13500,调拨入库 ,6500,6500,33,33,HZ12A1 ,HZ12A1  ,RENESAS,DO-35,NULL
IN00079093,23,01,45112,15000,1,2009-02-23 09:15:28.537,2009-02-23 09:15:28.537,-11970,调拨入库 ,3030,3030,33,33,HZ5C2,HZ5C2TA  编带,RENESAS,DO-35,
IN00079094,23,01,42179,4500,1,2009-02-23 09:16:28.690,2009-02-23 09:16:28.690,7500,调拨入库 ,12000,4500,33,33,HZ7C3,HZ7C3 7.7V,RENESAS,DO-35,NULL
IN00079094,23,01,45842,15000,1,2009-02-23 09:16:28.690,2009-02-23 09:16:28.690,4850,调拨入库 ,19850,15000,33,33,HZ7C2,HZ7C2TA 编带,RENESAS,DO-35,
IN00079309,23,01,36059,10000,1,2009-02-27 09:33:07.937,2009-02-27 09:33:07.937,9500,调拨入库 ,19500,10000,29,29,HZ24-3 ,HZ24-3  ,RENESAS,DO-35,NULL
IN00079309,23,01,45903,10000,1,2009-02-27 09:33:07.937,2009-02-27 09:33:07.937,-7020,调拨入库 ,2980,2980,29,29,HZ15-3,HZ15-3TA  编带,RENESAS,DO-35,
IN00079385,21,01,36586,6000,1,2009-02-28 16:15:07.000,2009-03-02 09:22:28.700,11654,调拨入库 ,17654,6000,28,26,1N5408,1N5408,FORTUNE,DO-27,NULL
IN00079403,21,01,36110,30000,1,2009-03-02 13:27:54.000,2009-03-02 16:13:55.873,-26600,调拨入库 ,3400,3400,26,26,4V3 1/2W,BZX55C 4V3,SEMTECH,DO-35,NULL
IN00079442,23,01,40613,80000,1,2009-03-03 10:37:10.280,2009-03-03 10:37:10.280,-74313,调拨入库 ,5687,5687,25,25,1N5819(SS14),1N5819 (SS14),CH,DO-214AC,
IN00079455,21,01,36406,200,1,2009-03-03 13:02:12.000,2009-03-04 11:43:46.280,-166,调拨入库 ,34,34,25,24,1N5822,1N5822,FORTUNE,DO-27,NULL
IN00079493,23,01,45841,10000,1,2009-03-04 10:44:17.450,2009-03-04 10:44:17.450,-8628,调拨入库 ,21372,1372,24,24,HZ12A2,HZ12A2TA 编带,RENESAS,DO-35,
IN00079494,23,01,45900,20000,1,2009-03-04 10:45:09.200,2009-03-04 10:45:09.200,-5150,调拨入库 ,14850,14850,24,24,HZ12C2,HZ12C2TA  编带,RENESAS,DO-35,
IN00079494,23,01,45914,20000,1,2009-03-04 10:45:09.200,2009-03-04 10:45:09.200,-10000,调拨入库 ,10000,10000,24,24,HZ22-2,HZ22-2TA  编带,RENESAS,DO-35,
IN00079694,23,01,35972,30000,1,2009-03-07 11:06:48.543,2009-03-07 11:06:48.543,-10000,调拨入库 ,20000,20000,21,21,HZ2C3 ,HZ2C3 ,RENESAS,DO-35,NULL
IN00079696,23,01,36034,10000,1,2009-03-07 11:06:58.170,2009-03-07 11:06:58.170,-7500,调拨入库 ,2500,2500,21,21,HZ12A2 ,HZ12A2  ,RENESAS,DO-35,NULL
IN00079880,23,01,36166,90000,1,2009-03-11 09:16:23.030,2009-03-11 09:16:23.030,-63710,调拨入库 ,26290,26290,17,17,DB3,DB3,ST,DO-35,NULL
IN00079882,23,01,45893,20000,1,2009-03-11 09:17:51.060,2009-03-11 09:17:51.060,-10000,调拨入库 ,10000,10000,17,17,HZ11C1,HZ11C1TA  编带,RENESAS,DO-35,
IN00079883,23,01,36043,20000,1,2009-03-11 09:18:22.107,2009-03-11 09:18:22.107,10000,调拨入库 ,30000,20000,17,17,HZ15-2 ,HZ15-2 ,RENESAS,DO-35,NULL
IN00079892,23,01,36589,4800,1,2009-03-11 09:24:15.343,2009-03-11 09:24:15.343,-226,调拨入库 ,4574,4574,17,17,6A10,6A10,FORTUNE,R-6,NULL
IN00079893,23,01,36000,10000,1,2009-03-11 09:24:50.467,2009-03-11 09:24:50.467,-500,调拨入库 ,19500,9500,17,17,HZ6A1 ,HZ6A1 ,RENESAS,DO-35,NULL
IN00079991,23,01,36007,10000,1,2009-03-13 10:03:17.623,2009-03-13 10:03:17.623,-3050,调拨入库 ,6950,6950,15,15,HZ6C2 ,HZ6C2  ,RENESAS,DO-35,NULL
IN00080004,23,01,36008,22000,1,2009-03-13 10:17:25.700,2009-03-13 10:17:25.700,1000,调拨入库 ,23000,22000,15,15,HZ6C3 ,HZ6C3  ,RENESAS,DO-35,NULL
IN00080049,23,01,42086,320000,1,2009-03-14 11:30:28.797,2009-03-14 11:30:28.797,-261815,调拨入库 ,58485,58185,14,14,FR107,FR107(RS1M),CH,DO-214AC,
IN00080050,23,01,45111,15000,1,2009-03-14 11:31:29.140,2009-03-14 11:31:29.140,-4760,调拨入库 ,10240,10240,14,14,HZ5C1,HZ5C1TA  编带,RENESAS,DO-35,
IN00080115,23,01,45844,20000,1,2009-03-17 10:31:28.840,2009-03-17 10:31:28.840,-5010,调拨入库 ,14990,14990,11,11,HZ9C1,HZ9C1TA 编带,RENESAS,DO-35,
IN00080161,23,01,36058,20000,1,2009-03-18 09:01:44.763,2009-03-18 09:01:44.763,-500,调拨入库 ,19500,19500,10,10,HZ24-2 ,HZ24-2 ,RENESAS,DO-35,NULL
IN00080165,23,01,42701,50000,1,2009-03-18 09:06:19.310,2009-03-18 09:06:19.310,-25000,调拨入库 ,25000,25000,10,10,6V2 1/2W,BZX55C 6V2 (编带),SEMTECH,DO-35,
IN00080293,23,01,42071,100000,1,2009-03-20 09:26:26.437,2009-03-20 09:26:26.437,-95252,调拨入库 ,54748,4748,8,8,4007,1N4007,CH,DO-41,
IN00080319,21,01,42150,1000,1,2009-03-20 15:39:30.000,2009-03-20 16:18:54.073,-929,调拨入库 ,71,71,8,8,1N4937,1N4937,CH,DO-41,
IN00080444,23,01,46155,50000,1,2009-03-23 13:10:26.820,2009-03-23 13:10:26.820,-29225,调拨入库 ,20775,20775,5,5,HZ6A3,HZ6A3 编带,RENESAS,DO-35,
IN00080452,23,01,39557,180000,1,2009-03-23 13:14:08.977,2009-03-23 13:14:08.977,103935,调拨入库 ,283935,180000,5,5,4148,TCLL4148,TCS,LL-34,
IN00080453,23,01,44558,200000,1,2009-03-23 13:15:01.697,2009-03-23 13:15:01.697,-41140,调拨入库 ,158860,158860,5,5,4007,1N4007AT (编带),FORTUNE,DO-41,
IN00080455,23,01,45845,10000,1,2009-03-23 13:17:46.650,2009-03-23 13:17:46.650,-4186,调拨入库 ,5814,5814,5,5,HZ3B2,HZ3B2TA 编带,RENESAS,DO-35,
IN00080482,23,01,35971,10000,1,2009-03-24 09:14:24.530,2009-03-24 09:14:24.530,-1000,调拨入库 ,9000,9000,4,4,HZ2C2 ,HZ2C2  ,RENESAS,DO-35,NULL
IN00080516,23,01,42071,50000,1,2009-03-25 09:31:42.170,2009-03-25 09:31:42.170,4748,调拨入库 ,54748,50000,3,3,4007,1N4007,CH,DO-41,
IN00080579,23,01,35997,20000,1,2009-03-26 09:02:35.593,2009-03-26 09:02:35.593,-16500,调拨入库 ,3500,3500,2,2,HZ5C1 ,HZ5C1  ,RENESAS,DO-35,NULL
IN00080602,21,01,36120,10000,1,2009-03-26 11:14:06.000,2009-03-27 10:10:15.000,-9719,调拨入库 ,281,281,2,1,11V 1/2W,BZX55C 11V ,SEMTECH,DO-35,NULL
PA00001854,9,01,39426,3000,1,2004-04-21 16:11:11.000,2004-04-21 16:29:16.060,-2012,历史入库,988,988,1802,1802,1N5243 13V,1N5243B 13V,TCON,DO-35,
PA00004012,9,01,39668,30000,1,2005-03-22 09:21:43.000,2005-03-22 09:29:57.013,-25500,历史入库,64500,4500,1467,1467,36V 1/2W,FKW36V,FKW,DO-35,
PA00004148,9,01,39789,50000,1,2005-04-08 11:55:16.000,2005-04-08 11:59:12.920,-44000,历史入库,66000,6000,1450,1450,22V 1/2W,FKW22V0,FKW,DO-35,
PA00005258,9,01,36122,50000,1,2005-09-05 10:32:12.000,2005-09-05 10:46:53.543,-46500,历史入库,46500,3500,1300,1300,13V 1/2W,BZX55C 13V ,SEMTECH,DO-35,NULL
PA00005258,9,01,36803,50000,1,2005-09-05 10:32:12.000,2005-09-05 10:46:53.543,-29500,历史入库,40500,20500,1300,1300,36V 1/2W,BZX55C 36V ,SEMTECH,DO-35,
PA00005258,9,01,40096,30000,1,2005-09-05 10:32:12.000,2005-09-05 10:46:53.543,-11000,历史入库,19000,19000,1300,1300,2V2 1/2W,BZX55C 2V2 ,SEMTECH,DO-35,
PA00005865,9,01,39903,20000,1,2005-11-19 15:06:11.000,2005-11-19 15:08:46.623,5000,历史入库,26000,20000,1225,1225,1N4728 3.3V,TC1N4728A 3.3V,TCS,DO-41,
PA00005964,9,01,39882,51000,1,2005-12-05 12:42:40.000,2005-12-05 12:46:22.140,-44587,历史入库,7913,6413,1209,1209,1N4744 15V,TC1N4744A 15V,TCS,DO-41,
PA00006120,9,01,39900,20000,1,2005-12-24 16:20:41.000,2005-12-24 16:25:04.560,-8050,历史入库,12500,11950,1190,1190,1N4734 5.6V,TC1N4734A 5.6V,TCS,DO-41,
PA00006507,9,01,36140,100000,1,2006-03-04 09:04:35.000,2006-03-04 09:13:17.187,-3625,历史入库,96375,96375,1120,1120,1N4737 7.5V,1N4737A 7.5V,TCON,DO-41,NULL
PA00006522,9,01,39834,100000,1,2006-03-06 11:01:16.000,2006-03-06 11:02:51.280,-92935,历史入库,7065,7065,1118,1118,1N4737 7.5V,TC1N4737A 7.5V,TCS,DO-41,
PA00006522,9,01,39888,30000,1,2006-03-06 11:01:16.000,2006-03-06 11:02:51.280,-2830,历史入库,27170,27170,1118,1118,1N4751 30V,TC1N4751A 30V,TCS,DO-41,
PA00006522,9,01,39891,50000,1,2006-03-06 11:01:16.000,2006-03-06 11:02:51.280,-49500,历史入库,11000,500,1118,1118,1N4739 9.1V,TC1N4739A 9.1V,TCS,DO-41,
PA00006522,9,01,39895,30000,1,2006-03-06 11:01:16.000,2006-03-06 11:02:51.280,-25000,历史入库,20000,5000,1118,1118,1N4743 13V,TC1N4743A 13V,TCS,DO-41,
PA00006523,9,01,39891,10000,1,2006-03-06 11:02:57.000,2006-03-06 11:13:27.653,500,历史入库,11000,10000,1118,1118,1N4739 9.1V,TC1N4739A 9.1V,TCS,DO-41,
PA00007450,9,01,39884,10000,1,2006-07-07 15:37:08.000,2006-07-07 15:44:09.327,-5644,历史入库,9606,4356,995,995,1N4746 18V,TC1N4746A 18V,TCS,DO-41,
PA00007798,9,01,36125,2500,1,2006-08-28 08:37:49.000,2006-08-28 08:45:00.420,2000,历史入库,36000,2500,943,943,18V 1/2W,BZX55C 18V ,SEMTECH,DO-35,NULL
PA00007833,9,01,39885,10000,1,2006-08-31 11:35:57.000,2006-08-31 11:37:12.640,3500,历史入库,15500,10000,940,940,1N4748 22V,TC1N4748A 22V,TCS,DO-41,
PA00008608,9,01,41093,10000,1,2006-12-07 13:39:19.000,2006-12-07 13:39:53.420,-7350,历史入库,2650,2650,842,842,RL207,RL207,FORTUNE,DO-15,
PA00008621,9,01,36150,10000,1,2006-12-08 16:09:07.000,2006-12-08 16:12:30.937,-9959,历史入库,16041,41,841,841,1N4747 20V,1N4747A 20V,TCON,DO-41,NULL
PA00008632,9,01,40930,10000,1,2006-12-11 11:22:44.000,2006-12-15 14:14:33.810,-6300,历史入库,3990,3700,838,834,ZMM 30V,ZMM 30V,SEMTECH,LL-34,
PA00008885,9,01,42592,5000,1,2007-01-11 13:39:23.000,2007-01-11 13:44:40.700,-3965,采购到货入库   ,1040,1035,807,807,DB3,DB3 (编带),CH,DO-35,
PA00009205,9,01,39890,10000,1,2007-03-06 17:04:15.000,2007-03-06 17:05:03.373,-2010,采购到货入库   ,7990,7990,753,753,1N4738 8.2V,TC1N4738A 8.2V,TCS,DO-41,
PA00009229,9,01,41027,20000,1,2007-03-09 13:20:16.000,2007-03-09 13:22:00.967,-9771,采购到货入库   ,10229,10229,750,750,1N4746A 18V,1N4746A 18V (编带),SEMTECH,DO-41,
PA00010822,9,01,39899,5000,1,2007-08-13 16:57:24.000,2007-08-13 16:58:06.437,-1560,采购到货入库   ,3440,3440,593,593,1N4733 5.1V,TC1N4733A 5.1V,TCS,DO-41,
PA00010995,9,01,36124,10000,1,2007-09-03 20:46:36.000,2007-09-03 20:49:19.577,-370,采购到货入库   ,19630,9630,572,572,16V 1/2W,BZX55C 16V ,SEMTECH,DO-35,NULL
PA00011038,9,01,40922,100000,1,2007-09-07 10:12:21.000,2007-09-07 17:27:10.937,-99873,采购到货入库   ,6127,127,568,568,ZMM 12V,ZMM 12V,SEMTECH,LL-34,
PA00011079,9,01,36124,10000,1,2007-09-10 15:28:26.000,2007-09-10 15:30:03.420,9630,采购到货入库   ,19630,10000,565,565,16V 1/2W,BZX55C 16V ,SEMTECH,DO-35,NULL
PA00011244,9,01,45696,20000,1,2007-09-26 17:36:05.000,2007-09-26 17:37:30.840,-10000,采购到货入库   ,10000,10000,549,549,15V 1/2W,BZX55C 15V (编带),SEMTECH,DO-35,
PA00011244,9,01,45697,20000,1,2007-09-26 17:36:05.000,2007-09-26 17:37:30.840,-14750,采购到货入库   ,5250,5250,549,549,43V 1/2W,BZX55C-43V (编带),SEMTECH,DO-35,
PA00011318,9,01,39906,100000,1,2007-10-12 10:20:37.000,2007-10-12 10:21:32.793,-65000,采购到货入库   ,45000,35000,533,533,1N4753 36V,TC1N4753A 36V,TCS,DO-41,
PA00011348,9,01,36150,16000,1,2007-10-13 12:26:24.000,2007-10-13 12:27:50.840,41,采购到货入库   ,16041,16000,532,532,1N4747 20V,1N4747A 20V,TCON,DO-41,NULL
PA00011430,9,01,36135,18000,1,2007-10-20 11:49:03.000,2007-10-20 11:51:29.147,-10801,采购到货入库   ,23299,7199,525,525,1N4732 4.7V,1N4732A 4.7V,TCON,DO-41,NULL
PA00011513,9,01,45809,1000,1,2007-10-29 10:04:19.000,2007-10-29 10:07:32.237,-512,采购到货入库   ,488,488,516,516,RS2M-E3,RS2M-E3,VISHAY,DO-214AC,
PA00011557,9,01,45846,40000,1,2007-11-03 09:56:32.000,2007-11-03 10:34:54.660,-35500,采购到货入库   ,14500,4500,511,511,HZ4C1,HZ4C1TA 编带,RENESAS,DO-35,
PA00011668,9,01,44717,20000,1,2007-11-14 14:14:46.000,2007-11-15 17:42:50.170,-18971,采购到货入库   ,1529,1029,500,499,MUR860,MUR860G,ON,TO-220AC,
PA00011916,9,01,36108,30000,1,2007-12-12 11:27:18.000,2007-12-12 11:32:19.263,-23000,采购到货入库   ,47000,7000,472,472,3V6 1/2W,BZX55C 3V6 ,SEMTECH,DO-35,NULL
PA00011916,9,01,36111,20000,1,2007-12-12 11:27:18.000,2007-12-12 11:32:19.263,-15000,采购到货入库   ,30000,5000,472,472,4V7 1/2W,BZX55C 4V7 ,SEMTECH,DO-35,NULL
PA00012364,9,01,46303,3000,1,2008-02-17 15:55:18.000,2008-02-17 15:57:47.857,-1000,采购到货入库   ,2000,2000,405,405,22V 1/2W,ZMM 22V,SEMTECH,SOD-123,
PA00012395,9,01,36139,12000,1,2008-02-21 16:24:11.000,2008-02-22 17:22:19.450,-3966,采购到货入库   ,8034,8034,401,400,1N4736 6.8V,1N4736A 6.8V,TCON,DO-41,NULL
PA00012431,9,01,45794,5000,1,2008-02-26 13:32:09.000,2008-02-27 12:48:37.310,-2057,采购到货入库   ,3443,2943,396,395,MUR1620CTG,MUR1620CTG,ON,TO-220,
PA00012654,9,01,40922,3000,1,2008-03-13 16:49:22.000,2008-03-13 16:50:15.043,127,采购到货入库   ,6127,3000,380,380,ZMM 12V,ZMM 12V,SEMTECH,LL-34,
PA00012923,9,01,36132,16000,1,2008-04-08 14:33:01.000,2008-04-08 14:37:07.060,-14677,采购到货入库   ,1323,1323,354,354,1N4729 3.6V,1N4729A 3.6V,TCON,DO-41,NULL
PA00012923,9,01,36135,16000,1,2008-04-08 14:33:01.000,2008-04-08 14:37:07.060,7299,采购到货入库   ,23299,16000,354,354,1N4732 4.7V,1N4732A 4.7V,TCON,DO-41,NULL
PA00012923,9,01,36151,16000,1,2008-04-08 14:33:01.000,2008-04-08 14:37:07.060,-4818,采购到货入库   ,11182,11182,354,354,1N4748 22V,1N4748A 22V,TCON,DO-41,NULL
PA00012996,9,01,36725,50000,1,2008-04-14 09:16:44.000,2008-04-14 11:40:57.537,-47187,采购到货入库   ,31313,2813,348,348,FR207,FR207,FORTUNE,DO-15,
PA00013125,9,01,39406,4000,1,2008-04-23 10:01:47.000,2008-05-24 13:34:06.240,-1820,采购到货入库   ,8180,2180,339,308,SR3A0,SR3A0,CH,DO-201,
PA00013226,9,01,39406,6000,1,2008-05-03 17:02:57.000,2008-05-22 15:27:37.787,2180,采购到货入库   ,8180,6000,329,310,SR3A0,SR3A0,CH,DO-201,
PA00013291,9,01,46261,10000,1,2008-05-09 08:57:13.000,2008-05-10 09:42:38.273,-4234,采购到货入库   ,5766,5766,323,322,UF5404,UF5404(编带),FORTUNE,DO-27,
PA00013305,9,01,41338,6000,1,2008-05-10 13:23:00.000,2008-05-14 09:27:35.433,-2349,采购到货入库   ,3651,3651,322,318,1N4760 68V,1N4760A 68V,TCON,DO-41,
PA00013389,9,01,46784,40000,1,2008-05-20 09:38:42.000,2008-05-22 08:45:47.303,-20000,采购到货入库   ,20000,20000,312,310,SS110,SS110,CH,DO-214AC,
PA00013591,9,01,36024,20000,1,2008-06-12 13:33:57.000,2008-06-12 14:27:22.663,-10000,采购到货入库   ,17500,10000,289,289,HZ11A1 ,HZ11A1 ,RENESAS,DO-35,NULL
PA00013871,9,01,36142,16000,1,2008-07-14 09:01:09.000,2008-07-14 09:04:05.240,-8860,采购到货入库   ,23140,7140,257,257,1N4739 9.1V,1N4739A 9.1V,TCON,DO-41,NULL
PA00013871,9,01,39052,32000,1,2008-07-14 09:01:09.000,2008-07-14 09:04:05.240,-19732,采购到货入库   ,12268,12268,257,257,1N4728 3.3V,1N4728A 3.3V,TCON,DO-41,
PA00014047,9,01,36404,200000,1,2008-07-31 14:56:15.000,2008-08-01 13:25:34.810,-188992,采购到货入库   ,11008,11008,240,239,FR157,FR157,FORTUNE,DO-15,NULL
PA00014058,9,01,40929,80000,1,2008-08-01 13:16:52.000,2008-08-01 13:50:31.280,-77000,采购到货入库   ,3000,3000,239,239,ZMM 27V,ZMM 27V,SEMTECH,LL-34,
PA00014151,9,01,36143,18000,1,2008-08-10 23:09:15.000,2008-08-10 23:13:28.467,-17235,采购到货入库   ,2765,765,230,230,1N4740 10V,1N4740A 10V,TCON,DO-41,NULL
PA00014151,9,01,36149,18000,1,2008-08-10 23:09:15.000,2008-08-10 23:13:28.467,-17771,采购到货入库   ,229,229,230,230,1N4746 18V,1N4746A 18V,TCON,DO-41,NULL
PA00014166,9,01,36682,20000,1,2008-08-12 08:59:25.000,2008-08-12 09:53:18.070,-15867,采购到货入库   ,4133,4133,228,228,20100,MBR20100CT,CH,TO-220,
PA00014336,9,01,40508,550,1,2008-08-31 22:58:15.000,2008-09-05 09:18:32.557,-204,采购到货入库   ,346,346,209,204,FR605,FR605,FORTUNE,R-6,
PA00014341,9,01,39892,30000,1,2008-08-31 23:16:32.000,2008-08-31 23:19:56.803,-25000,采购到货入库   ,5000,5000,209,209,1N4740 10V,TC1N4740A 10V,TCS,DO-41,
PA00014400,9,01,36144,32000,1,2008-09-09 08:56:27.000,2008-09-09 09:01:10.920,-15,采购到货入库   ,34128,31985,200,200,1N4741 11V,1N4741A 11V,TCON,DO-41,NULL
PA00014471,9,01,47135,100000,1,2008-09-18 12:49:30.000,2008-10-11 15:27:05.623,-60750,采购到货入库   ,39250,39250,191,168,1N5819,1N5819(编带),CH,DO-41,
PA00014501,9,01,47148,50000,1,2008-09-22 16:14:55.000,2008-09-22 16:17:16.020,-30800,采购到货入库   ,19200,19200,187,187,12V  1/2W,BZX55C 12V编带,SEMTECH,DO-35,
PA00014530,9,01,36407,100000,1,2008-09-26 08:48:42.000,2008-10-11 15:28:53.690,-92615,采购到货入库   ,17055,7385,183,168,1N5819,1N5819,FORTUNE,DO-41,NULL
PA00014608,9,01,40025,4000,1,2008-10-08 08:48:38.000,2008-10-08 08:50:50.920,-3233,采购到货入库   ,767,767,171,171,1N4764 100V,1N4764A 100V,TCON,DO-41,
PA00014608,9,01,46422,2000,1,2008-10-08 08:48:38.000,2008-10-08 08:50:50.920,-1328,采购到货入库   ,2672,672,171,171,82V,1N4762A 82V,TCON,DO-41,
PA00014637,9,01,39894,30000,1,2008-10-11 10:50:57.000,2008-10-23 08:36:38.433,-27000,采购到货入库   ,3000,3000,168,156,1N4742 12V,TC1N4742A 12V,TCS,DO-41,
PA00014675,9,01,36154,18000,1,2008-10-17 08:58:18.000,2008-10-17 08:59:09.250,-15000,采购到货入库   ,19105,3000,162,162,1N4751 30V,1N4751A 30V,TCON,DO-41,NULL
PA00014704,9,01,43411,21000,1,2008-10-21 08:58:02.000,2008-10-23 09:11:57.293,-12000,采购到货入库   ,9000,9000,158,156,BZX84-C6V2,BZX84-C6V2,NXP,SOT-23,
PA00014832,9,01,46422,2000,1,2008-11-08 14:42:46.000,2008-11-08 14:43:07.390,672,采购到货入库   ,2672,2000,140,140,82V,1N4762A 82V,TCON,DO-41,
PA00014853,9,01,39905,5000,1,2008-11-11 10:29:22.000,2008-11-11 10:30:45.350,-3000,采购到货入库   ,2000,2000,137,137,1N4752 33V ,TC1N4752A 33V ,TCS,DO-41,
PA00014988,9,01,35970,16000,1,2008-12-01 14:05:21.000,2008-12-02 13:51:25.810,500,采购到货入库   ,16500,16000,117,116,HZ2C1 ,HZ2C1  ,RENESAS,DO-35,NULL
PA00014988,9,01,35980,100000,1,2008-12-01 14:05:21.000,2008-12-02 13:51:25.810,-90000,采购到货入库   ,10000,10000,117,116,HZ3C2 ,HZ3C2  ,RENESAS,DO-35,NULL
PA00014988,9,01,36013,20000,1,2008-12-01 14:05:21.000,2008-12-02 13:51:25.810,-4500,采购到货入库   ,15500,15500,117,116,HZ7B2 ,HZ7B2  ,RENESAS,DO-35,NULL
PA00014988,9,01,36018,60000,1,2008-12-01 14:05:21.000,2008-12-02 13:51:25.810,-36500,采购到货入库   ,28500,23500,117,116,HZ9B1 ,HZ9B1  ,RENESAS,DO-35,NULL
PA00014988,9,01,45891,20000,1,2008-12-01 14:05:21.000,2008-12-02 13:51:25.810,-11560,采购到货入库   ,8440,8440,117,116,HZ11B2,HZ11B2TA  编带,RENESAS,DO-35,
PA00014988,9,01,45958,10000,1,2008-12-01 14:05:21.000,2008-12-02 13:51:25.810,-8815,采购到货入库   ,1185,1185,117,116,HZ6C3,HZ6C3TA  编带,RENESAS,DO-35,
PA00015124,9,01,36152,48000,1,2008-12-17 10:48:12.000,2008-12-17 10:49:16.527,-26415,采购到货入库   ,21585,21585,101,101,1N4749 24V,1N4749A 24V,TCON,DO-41,NULL
PA00015229,9,01,36014,10000,1,2009-01-05 14:34:16.000,2009-01-07 09:02:52.993,-8000,采购到货入库   ,6000,2000,82,80,HZ7B3 ,HZ7B3 ,RENESAS,DO-35,NULL
PA00015229,9,01,36061,20000,1,2009-01-05 14:34:16.000,2009-01-07 09:02:52.993,-18500,采购到货入库   ,1500,1500,82,80,HZ27-2 ,HZ27-2  ,RENESAS,DO-35,NULL
PA00015229,9,01,36063,20000,1,2009-01-05 14:34:16.000,2009-01-07 09:02:52.993,-13000,采购到货入库   ,7000,7000,82,80,HZ30-1 ,HZ30-1  ,RENESAS,DO-35,NULL
PA00015229,9,01,36064,19200,1,2009-01-05 14:34:16.000,2009-01-07 09:02:52.993,-13900,采购到货入库   ,5300,5300,82,80,HZ30-2 ,HZ30-2 ,RENESAS,DO-35,NULL
PA00015229,9,01,42179,4500,1,2009-01-05 14:34:16.000,2009-01-07 09:02:52.993,3000,采购到货入库   ,12000,4500,82,80,HZ7C3,HZ7C3 7.7V,RENESAS,DO-35,NULL
PA00015370,9,01,36117,50000,1,2009-01-20 09:46:44.000,2009-01-20 09:47:43.700,-49577,采购到货入库   ,423,423,67,67,8V2 1/2W,BZX55C 8V2 ,SEMTECH,DO-35,NULL
PA00015376,9,01,36046,10000,1,2009-02-06 10:23:34.000,2009-02-06 10:47:56.303,-4000,采购到货入库   ,11000,6000,50,50,HZ16-2 ,HZ16-2 ,RENESAS,DO-35,NULL
PA00015376,9,01,36051,20000,1,2009-02-06 10:23:34.000,2009-02-06 10:47:56.303,-12500,采购到货入库   ,7500,7500,50,50,HZ20-1 ,HZ20-1,RENESAS,DO-35,NULL
PA00015376,9,01,36059,10000,1,2009-02-06 10:23:34.000,2009-02-06 10:47:56.303,-500,采购到货入库   ,19500,9500,50,50,HZ24-3 ,HZ24-3  ,RENESAS,DO-35,NULL
PA00015394,9,01,36141,10000,1,2009-02-11 11:09:06.000,2009-02-11 11:14:14.547,-7864,采购到货入库   ,2136,2136,45,45,1N4738 8.2V,1N4738A 8.2V,TCON,DO-41,NULL
PA00015394,9,01,36145,16000,1,2009-02-11 11:09:06.000,2009-02-11 11:14:14.547,-15004,采购到货入库   ,996,996,45,45,1N4742 12V,1N4742A 12V,TCON,DO-41,NULL
PA00015421,9,01,44034,6000,1,2009-02-12 13:21:35.000,2009-02-14 10:57:03.423,-3630,采购到货入库   ,2370,2370,44,42,4148,NNBT4148LT1,ON,SOT-23,
PA00015510,9,01,36586,64800,1,2009-02-23 09:29:15.000,2009-02-25 09:58:14.400,-53146,采购到货入库   ,17654,11654,33,31,1N5408,1N5408,FORTUNE,DO-27,NULL
PA00015517,9,01,36153,16000,1,2009-02-24 10:09:09.000,2009-02-24 10:10:07.900,-12320,采购到货入库   ,35680,3680,32,32,1N4750 27V,1N4750A 27V,TCON,DO-41,NULL
PA00015517,9,01,36704,16000,1,2009-02-24 10:09:09.000,2009-02-24 10:10:07.900,-14278,采购到货入库   ,33722,1722,32,32,1N4753 36V,1N4753A 36V,TCON,DO-41,
PA00015588,9,01,36153,32000,1,2009-03-04 10:16:40.000,2009-03-04 10:17:30.607,3680,采购到货入库   ,35680,32000,24,24,1N4750 27V,1N4750A 27V,TCON,DO-41,NULL
PA00015588,9,01,36704,32000,1,2009-03-04 10:16:40.000,2009-03-04 10:17:30.607,1722,采购到货入库   ,33722,32000,24,24,1N4753 36V,1N4753A 36V,TCON,DO-41,
PA00015602,9,01,35981,10000,1,2009-03-04 15:18:34.000,2009-03-06 09:26:31.077,-500,采购到货入库   ,9500,9500,24,22,HZ3C3 ,HZ3C3  ,RENESAS,DO-35,NULL
PA00015602,9,01,35989,50000,1,2009-03-04 15:18:34.000,2009-03-06 09:26:31.077,-25000,采购到货入库   ,25000,25000,24,22,HZ4C2 ,HZ4C2  ,RENESAS,DO-35,NULL
PA00015602,9,01,35990,615000,1,2009-03-04 15:18:34.000,2009-03-06 09:26:31.077,-605000,采购到货入库   ,10000,10000,24,22,HZ4C3 ,HZ4C3  ,RENESAS,DO-35,NULL
PA00015602,9,01,36008,8000,1,2009-03-04 15:18:34.000,2009-03-06 09:26:31.077,-7000,采购到货入库   ,23000,1000,24,22,HZ6C3 ,HZ6C3  ,RENESAS,DO-35,NULL
PA00015602,9,01,36016,100000,1,2009-03-04 15:18:34.000,2009-03-06 09:26:31.077,-76000,采购到货入库   ,24000,24000,24,22,HZ9A2 ,HZ9A2 ,RENESAS,DO-35,NULL
PA00015602,9,01,36026,15000,1,2009-03-04 15:18:34.000,2009-03-06 09:26:31.077,-12500,采购到货入库   ,2500,2500,24,22,HZ11A3 ,HZ11A3 ,RENESAS,DO-35,NULL
PA00015602,9,01,36027,10000,1,2009-03-04 15:18:34.000,2009-03-06 09:26:31.077,-3500,采购到货入库   ,6500,6500,24,22,HZ11B1 ,HZ11B1 ,RENESAS,DO-35,NULL
PA00015602,9,01,36028,30000,1,2009-03-04 15:18:34.000,2009-03-06 09:26:31.077,-23500,采购到货入库   ,6500,6500,24,22,HZ11B2 ,HZ11B2 ,RENESAS,DO-35,NULL
PA00015602,9,01,36030,60000,1,2009-03-04 15:18:34.000,2009-03-06 09:26:31.077,-42000,采购到货入库   ,18000,18000,24,22,HZ11C1 ,HZ11C1  ,RENESAS,DO-35,NULL
PA00015602,9,01,36031,10000,1,2009-03-04 15:18:34.000,2009-03-06 09:26:31.077,5000,采购到货入库   ,15000,10000,24,22,HZ11C2 ,HZ11C2 ,RENESAS,DO-35,NULL
PA00015602,9,01,36032,10000,1,2009-03-04 15:18:34.000,2009-03-06 09:26:31.077,-5500,采购到货入库   ,4500,4500,24,22,HZ11C3 ,HZ11C3 ,RENESAS,DO-35,NULL
PA00015602,9,01,36035,10000,1,2009-03-04 15:18:34.000,2009-03-06 09:26:31.077,-4000,采购到货入库   ,6000,6000,24,22,HZ12A3 ,HZ12A3  ,RENESAS,DO-35,NULL
PA00015602,9,01,36043,100000,1,2009-03-04 15:18:34.000,2009-03-06 09:26:31.077,-90000,采购到货入库   ,30000,10000,24,22,HZ15-2 ,HZ15-2 ,RENESAS,DO-35,NULL
PA00015602,9,01,36049,10000,1,2009-03-04 15:18:34.000,2009-03-06 09:26:31.077,10000,采购到货入库   ,20000,10000,24,22,HZ18-2 ,HZ18-2,RENESAS,DO-35,NULL
PA00015602,9,01,36055,30000,1,2009-03-04 15:18:34.000,2009-03-06 09:26:31.077,-17500,采购到货入库   ,12500,12500,24,22,HZ22-2 ,HZ22-2  ,RENESAS,DO-35,NULL
PA00015602,9,01,42178,30000,1,2009-03-04 15:18:34.000,2009-03-06 09:26:31.077,-23000,采购到货入库   ,7000,7000,24,22,HZ7C1,HZ7C1 ,RENESAS,DO-35,NULL
PA00015602,9,01,45841,20000,1,2009-03-04 15:18:34.000,2009-03-06 09:26:31.077,1372,采购到货入库   ,21372,20000,24,22,HZ12A2,HZ12A2TA 编带,RENESAS,DO-35,
PA00015602,9,01,45888,20000,1,2009-03-04 15:18:34.000,2009-03-06 09:26:31.077,-19500,采购到货入库   ,500,500,24,22,HZ11A2,HZ11A2TA  编带,RENESAS,DO-35,
PA00015602,9,01,45911,40000,1,2009-03-04 15:18:34.000,2009-03-06 09:26:31.077,-38520,采购到货入库   ,1480,1480,24,22,HZ20-2,HZ20-2TA  编带,RENESAS,DO-35,
PA00015650,9,01,42099,6000,1,2009-03-10 10:27:14.000,2009-03-10 16:49:04.700,-5600,采购到货入库   ,12400,400,18,18,BAV70,BAV70,NXP,SOT-23,
PA00015653,9,01,39557,1000000,1,2009-03-10 10:41:46.000,2009-03-10 10:42:54.280,-896065,采购到货入库   ,283935,103935,18,18,4148,TCLL4148,TCS,LL-34,
PA00015668,9,01,40009,2000,1,2009-03-11 09:04:39.000,2009-03-11 09:22:27.467,-793,采购到货入库   ,1207,1207,17,17,20100,STPS20S100CT,ST,TO-220AB,
PA00015673,9,01,40621,12000,1,2009-03-11 14:27:30.000,2009-03-12 17:22:05.700,-11600,采购到货入库   ,400,400,17,16,BAT54,BAT54C,PHI,SOT-23,
PA00015673,9,01,42101,6000,1,2009-03-11 14:27:30.000,2009-03-12 17:22:05.700,-3235,采购到货入库   ,8765,2765,17,16,4148,TC1N4148WS,ROHM,SOD-323,
PA00015686,9,01,39507,20000,1,2009-03-12 11:02:33.000,2009-03-12 11:06:36.077,-2750,采购到货入库   ,17250,17250,16,16,P6KE200,P6KE200A,CH,DO-15,
PA00015720,9,01,36147,16000,1,2009-03-16 13:06:57.000,2009-03-16 13:08:19.357,-7221,采购到货入库   ,8779,8779,12,12,1N4744 15V,1N4744A 15V,TCON,DO-41,NULL
PA00015721,9,01,42101,6000,1,2009-03-16 13:08:42.000,2009-03-20 15:57:45.170,2765,采购到货入库   ,8765,6000,12,8,4148,TC1N4148WS,ROHM,SOD-323,
PA00015729,9,01,36701,32000,1,2009-03-17 13:56:33.000,2009-03-17 13:57:21.670,-28197,采购到货入库   ,3803,3803,11,11,1N4754 39V,1N4754A 39V,TCON,DO-41,
PA00015729,9,01,39053,16000,1,2009-03-17 13:56:33.000,2009-03-17 13:57:21.670,-6948,采购到货入库   ,9052,9052,11,11,1N4756 47V,1N4756A 47V,TCON,DO-41,
PA00015742,9,01,36137,6000,1,2009-03-19 08:48:55.000,2009-03-19 08:50:35.073,-773,采购到货入库   ,11227,5227,9,9,1N4734 5.6V,1N4734A 5.6V,TCON,DO-41,NULL
PA00015749,9,01,39364,10000,1,2009-03-19 11:12:45.000,2009-03-21 08:40:24.653,-2256,采购到货入库   ,7744,7744,9,7,MUR1660,MUR1660-TU,FAI,TO-220,
PA00015765,9,01,36154,16000,1,2009-03-20 09:49:07.000,2009-03-20 09:49:38.200,3105,采购到货入库   ,19105,16000,8,8,1N4751 30V,1N4751A 30V,TCON,DO-41,NULL
PA00015767,9,01,47613,10000,1,2009-03-20 09:52:26.000,2009-03-21 11:17:45.450,-5000,采购到货入库   ,10000,5000,8,7,US1M,US1M,CH,DO-213,
PA00015788,9,01,42099,12000,1,2009-03-21 11:52:51.000,2009-03-23 09:01:24.693,400,采购到货入库   ,12400,12000,7,5,BAV70,BAV70,NXP,SOT-23,
PA00015788,9,01,45222,9000,1,2009-03-21 11:52:51.000,2009-03-23 09:01:24.693,-8860,采购到货入库   ,140,140,7,5,4148,JSD4148T,CJ,SOD-123,
PA00015798,9,01,36148,16000,1,2009-03-21 16:33:43.000,2009-03-21 16:34:40.030,-11525,采购到货入库   ,36475,4475,7,7,1N4745 16V,1N4745A 16V,TCON,DO-41,NULL
PA00015813,9,01,47613,5000,1,2009-03-25 10:01:03.000,2009-03-26 09:06:48.390,5000,采购到货入库   ,10000,5000,3,2,US1M,US1M,CH,DO-213,
PA00015818,9,01,43676,120000,1,2009-03-25 16:29:08.000,2009-03-25 17:14:41.920,-102250,采购到货入库   ,17750,17750,3,3,BAW56 A1,BAW56LT1(A1),NXP,SOT-23,
PA00015833,9,01,36741,240000,0,2009-03-27 08:44:38.000,NULL,-238837,采购到货入库   ,1163,1163,1,NULL,4007 M7,1N4007 (M7),FORTUNE,DO-213,
PA00015841,9,01,36137,6000,1,2009-03-27 12:02:15.000,2009-03-27 12:02:38.407,5227,采购到货入库   ,11227,6000,1,1,1N4734 5.6V,1N4734A 5.6V,TCON,DO-41,NULL
PA00015848,9,01,45824,100000,1,2009-03-28 09:43:24.000,2009-03-28 09:45:58.233,-49738,采购到货入库   ,50262,50262,0,0,HZ5B1,HZ5B1TA 编带,RENESAS,DO-35,
SR00001279,20,01,36122,3000,1,2005-10-21 10:28:51.000,2005-10-21 14:42:41.843,3500,历史出库,46500,3000,1254,1254,13V 1/2W,BZX55C 13V ,SEMTECH,DO-35,NULL
SR00001680,20,01,39530,9000,1,2006-05-16 16:24:42.000,2006-05-19 08:44:36.827,-7500,历史出库,1500,1500,1047,1044,2V0 1/2W,FKW2V0,FKW,DO-35,
SR00001809,20,01,39884,5000,1,2006-07-17 16:55:31.000,2006-07-19 13:42:20.390,4356,历史出库,9606,5000,985,983,1N4746 18V,TC1N4746A 18V,TCS,DO-41,
SR00002020,20,01,36125,9500,1,2006-11-13 15:41:36.000,2006-11-13 16:52:41.700,4500,历史出库,36000,9500,866,866,18V 1/2W,BZX55C 18V ,SEMTECH,DO-35,NULL
SR00002020,20,01,39200,300,1,2006-11-13 15:41:36.000,2006-11-13 16:52:41.700,21700,历史出库,31000,300,866,866,18V 1/2W,FKW18V,FKW,DO-35,
SR00002084,20,01,40110,10000,1,2006-12-04 16:06:52.000,2006-12-05 10:02:45.483,-1000,历史出库,10000,9000,845,844,1N4747 20V,TC1N4747A 20V,TCS,DO-41,
SR00002224,20,01,39895,5000,1,2007-02-05 09:23:31.000,2007-02-05 15:25:54.810,10000,销售退货,20000,5000,782,782,1N4743 13V,TC1N4743A 13V,TCS,DO-41,
SR00002323,20,01,36134,275,1,2007-04-03 09:58:58.000,2007-04-20 13:39:14.873,17109,销售退货,18384,275,725,708,1N4731 4.3V,1N4731A 4.3V,TCON,DO-41,NULL
SR00002617,20,01,36133,3800,1,2007-08-08 11:05:13.000,2007-08-11 16:32:45.607,10540,销售退货,14340,3800,598,595,1N4730 3.9V,1N4730A 3.9V,TCON,DO-41,NULL
SR00002622,20,01,40296,2500,1,2007-08-08 17:14:53.000,2007-08-14 14:04:50.873,26300,销售退货,29800,2500,598,592,HER104,HER104 (编带),FORTUNE,DO-41,
SR00002790,20,01,39906,10000,1,2007-10-23 15:21:22.000,2007-10-24 09:37:09.253,35000,销售退货,45000,10000,522,521,1N4753 36V,TC1N4753A 36V,TCS,DO-41,
SR00002827,20,01,39788,20000,1,2007-11-07 16:23:14.000,2007-11-08 14:24:34.250,-500,销售退货,27000,19500,507,506,20V 1/2W,FKW20V0,FKW,DO-35,
SR00002827,20,01,40110,1000,1,2007-11-07 16:23:14.000,2007-11-08 14:24:34.250,9000,销售退货,10000,1000,507,506,1N4747 20V,TC1N4747A 20V,TCS,DO-41,
SR00002954,20,01,36135,100,1,2007-12-21 09:33:24.000,2007-12-25 09:53:06.467,7199,销售退货,23299,100,463,459,1N4732 4.7V,1N4732A 4.7V,TCON,DO-41,NULL
SR00003040,20,01,36126,10000,1,2008-02-01 15:08:50.000,2008-02-17 09:42:58.483,1000,销售退货,11000,10000,421,405,20V 1/2W,BZX55C 20V ,SEMTECH,DO-35,NULL
SR00003044,20,01,39205,1777,1,2008-02-20 17:23:31.000,2008-02-22 09:30:37.530,4723,销售退货,35000,1777,402,400,10V 1/2W,FKW10V,FKW,DO-35,
SR00003056,20,01,45794,450,1,2008-02-28 15:26:16.000,2008-03-01 11:00:34.357,2943,销售退货,3443,450,394,392,MUR1620CTG,MUR1620CTG,ON,TO-220,
SR00003191,20,01,42087,5000,1,2008-04-22 11:51:44.000,2008-04-23 16:52:41.647,-3216,销售退货,1784,1784,340,339,4732,TCZM4732AR13 (盘装),TCS,LL-41,
SR00003241,20,01,38979,1000,1,2008-05-13 09:57:56.000,2008-05-14 11:07:47.920,5000,销售退货,6000,1000,319,318,6V2 1/2W,FKW6V2,FKW,DO-35,
SR00003335,20,01,40155,2000,1,2008-06-19 16:42:33.000,2008-06-21 11:04:13.460,-1971,销售退货,29,29,282,280,MUR1660,MUR1660CT,ON,TO-220AB,
SR00003346,20,01,36009,20000,1,2008-06-25 16:22:55.000,2008-06-28 15:00:35.593,-10000,销售退货,10000,10000,276,273,HZ7A1 ,HZ7A1  ,RENESAS,DO-35,NULL
SR00003346,20,01,45114,50000,1,2008-06-25 16:22:55.000,2008-06-28 15:00:35.593,-40000,销售退货,24900,10000,276,273,HZ7A1,HZ7A1TA  编带,RENESAS,DO-35,
SR00003431,20,01,45295,20000,1,2008-07-31 12:25:56.000,2008-08-01 09:45:19.670,-19855,销售退货,145,145,240,239,5V6 1/2W,BZX55C 5V6 (编带),SEMTECH,DO-35,
SR00003449,20,01,37706,49000,1,2008-08-07 09:04:20.000,2008-08-08 13:15:34.587,-21053,销售退货,30947,27947,233,232,FR107,FR107AT (编带),FORTUNE,DO-41,
SR00003514,20,01,36143,2000,1,2008-09-11 09:37:12.000,2008-09-11 14:31:55.590,765,销售退货,2765,2000,198,198,1N4740 10V,1N4740A 10V,TCON,DO-41,NULL
SR00003540,20,01,36121,30000,1,2008-09-22 13:09:19.000,2008-09-23 15:08:54.677,-8500,销售退货,21500,21500,187,186,12V 1/2W,BZX55C 12V ,SEMTECH,DO-35,NULL
SR00003629,20,01,36134,1000,1,2008-11-07 16:49:46.000,2008-11-08 15:13:07.873,17384,销售退货,18384,1000,141,140,1N4731 4.3V,1N4731A 4.3V,TCON,DO-41,NULL
SR00003647,20,01,40913,2500,1,2008-11-19 15:08:30.000,2008-11-20 09:30:13.980,2366,销售退货,4866,2500,129,128,ZMM 3V3,ZMM 3V3,SEMTECH,LL-34,
SR00003687,20,01,36154,105,1,2008-12-09 09:07:55.000,2008-12-10 15:35:15.823,3000,销售退货,19105,105,109,108,1N4751 30V,1N4751A 30V,TCON,DO-41,NULL
SR00003698,20,01,36155,4000,1,2008-12-13 16:53:20.000,2008-12-16 10:32:40.090,-3293,销售退货,707,707,105,102,1N4752 33V,1N4752A 33V,TCON,DO-41,NULL
SR00003741,20,01,36407,9000,1,2009-01-09 16:44:17.000,2009-01-12 10:19:34.580,8055,销售退货,17055,9000,78,75,1N5819,1N5819,FORTUNE,DO-41,NULL
SR00003747,20,01,36014,4000,1,2009-01-14 16:50:27.000,2009-01-16 09:06:13.927,2000,销售退货,6000,4000,73,71,HZ7B3 ,HZ7B3 ,RENESAS,DO-35,NULL
SR00003770,20,01,36046,5000,1,2009-02-12 08:39:09.000,2009-02-13 09:26:51.017,6000,销售退货,11000,5000,44,43,HZ16-2 ,HZ16-2 ,RENESAS,DO-35,NULL
SR00003786,20,01,36003,24500,1,2009-02-20 13:21:26.000,2009-02-24 10:35:51.697,-24000,销售退货,500,500,36,32,HZ6B1 ,HZ6B1  ,RENESAS,DO-35,NULL
SR00003792,20,01,35968,20000,1,2009-02-24 15:34:11.000,2009-02-26 09:46:59.607,10000,销售退货,30000,20000,32,30,HZ2B2 ,HZ2B2  ,RENESAS,DO-35,NULL
SR00003792,20,01,36004,10000,1,2009-02-24 15:34:11.000,2009-02-26 09:46:59.607,10000,销售退货,20000,10000,32,30,HZ6B2 ,HZ6B2  ,RENESAS,DO-35,NULL
SR00003809,20,01,45948,4000,1,2009-03-06 10:05:48.000,2009-03-06 10:58:36.340,-1050,销售退货,2950,2950,22,22,HZ4B2,HZ4B2TA  编带,RENESAS,DO-35,
SR00003824,20,01,36000,10000,1,2009-03-12 16:09:46.000,2009-03-16 15:56:21.967,9500,销售退货,19500,10000,16,12,HZ6A1 ,HZ6A1 ,RENESAS,DO-35,NULL
SR00003831,20,01,36023,4000,1,2009-03-17 16:36:04.000,2009-03-18 16:18:36.340,4000,销售退货,8000,4000,11,10,HZ9C3 ,HZ9C3  ,RENESAS,DO-35,NULL
SR00003845,20,01,42086,300,1,2009-03-23 16:53:21.000,2009-03-25 12:07:41.343,58185,销售退货,58485,300,5,3,FR107,FR107(RS1M),CH,DO-214AC,
SR00003849,20,01,36148,32000,1,2009-03-25 16:08:02.000,2009-03-27 10:17:19.890,4475,销售退货,36475,32000,3,1,1N4745 16V,1N4745A 16V,TCON,DO-41,NULL
